-- phpMyAdmin SQL Dump
-- version 5.1.4-dev+20220331.b9ddf0b305
-- https://www.phpmyadmin.net/
--
-- Host: localhost
-- Generation Time: Jan 30, 2024 at 10:51 PM
-- Server version: 10.4.32-MariaDB
-- PHP Version: 8.0.30

SET SQL_MODE = "NO_AUTO_VALUE_ON_ZERO";
START TRANSACTION;
SET time_zone = "+00:00";


/*!40101 SET @OLD_CHARACTER_SET_CLIENT=@@CHARACTER_SET_CLIENT */;
/*!40101 SET @OLD_CHARACTER_SET_RESULTS=@@CHARACTER_SET_RESULTS */;
/*!40101 SET @OLD_COLLATION_CONNECTION=@@COLLATION_CONNECTION */;
/*!40101 SET NAMES utf8mb4 */;

--
-- Database: `tvigil`
--

-- --------------------------------------------------------

--
-- Table structure for table `final__customers`
--

CREATE TABLE `final__customers` (
  `CustomerId` int(10) NOT NULL,
  `FirstName` varchar(13) DEFAULT NULL,
  `LastName` varchar(15) DEFAULT NULL,
  `Email` varchar(38) DEFAULT NULL,
  `Gender` varchar(11) DEFAULT NULL,
  `Address` varchar(28) DEFAULT NULL,
  `Zipcode` varchar(14) DEFAULT NULL
) ENGINE=InnoDB DEFAULT CHARSET=utf8 COLLATE=utf8_general_ci;

--
-- Dumping data for table `final__customers`
--

INSERT INTO `final__customers` (`CustomerId`, `FirstName`, `LastName`, `Email`, `Gender`, `Address`, `Zipcode`) VALUES
(0, 'Tasheena', 'Vigil', 'tasheena.vigil@gmail.com', 'Female', '104 Kilps Court West', ''),
(1, 'First', 'Record', 'in ', 'my ', 'data-', 'base'),
(2, 'Bren', 'Heigl', 'bheigl1@china.com.cn', 'Agender', '471 Hoffman Road', ''),
(3, 'Stacy', 'Bunstone', 'sbunstone2@youtube.com', 'Male', '51839 Emmet Circle', ''),
(4, 'Reeta', 'Stelljes', 'rstelljes3@cnn.com', 'Female', '58007 Welch Way', ''),
(5, 'Shea', 'Macvain', 'smacvain4@ask.com', 'Male', '1 Kropf Drive', ''),
(6, 'Alecia', 'Player', 'aplayer5@yolasite.com', 'Female', '4 Swallow Avenue', ''),
(7, 'Ahmad', 'Cruxton', 'acruxton6@comsenz.com', 'Male', '77247 Drewry Trail', ''),
(8, 'Demetris', 'Sheringham', 'dsheringham7@thetimes.co.uk', 'Genderqueer', '2179 Everett Hill', ''),
(9, 'Minette', 'Talby', 'mtalby8@harvard.edu', 'Female', '7 Ludington Hill', ''),
(10, 'Hugibert', 'Joiris', 'hjoiris9@eepurl.com', 'Male', '06885 Wayridge Trail', '412 20'),
(11, 'Dela', 'Bumpass', 'dbumpassa@sourceforge.net', 'Female', '220 Pond Drive', ''),
(12, 'Joela', 'Kelson', 'jkelsonb@artisteer.com', 'Female', '43 Butterfield Road', ''),
(13, 'Kendall', 'Lukash', 'klukashc@ted.com', 'Male', '5905 Truax Trail', '78968-000'),
(14, 'Nancy', 'Saintsbury', 'nsaintsburyd@cnbc.com', 'Female', '95399 Village Hill', '09-142'),
(15, 'Celestia', 'Selkirk', 'cselkirke@state.gov', 'Female', '2 Amoth Alley', ''),
(16, 'Darrick', 'Cluely', 'dcluelyf@oracle.com', 'Male', '08637 Heath Hill', ''),
(17, 'Susie', 'Pheazey', 'spheazeyg@weebly.com', 'Female', '1382 Utah Parkway', '79101'),
(18, 'Delilah', 'Silverthorne', 'dsilverthorneh@prweb.com', 'Female', '18 Namekagon Park', '053467'),
(19, 'Clair', 'McEachern', 'cmceacherni@joomla.org', 'Female', '8401 Raven Circle', '2705-126'),
(20, 'Fredia', 'Clancey', 'fclanceyj@arstechnica.com', 'Female', '2 Kensington Circle', ''),
(21, 'Fay', 'Cowlard', 'fcowlardk@abc.net.au', 'Female', '299 Forster Hill', '7032'),
(22, 'Ivory', 'Knewstubb', 'iknewstubbl@google.fr', 'Polygender', '1 Fairfield Drive', ''),
(23, 'Eldredge', 'Eccleston', 'eecclestonm@wordpress.com', 'Male', '56608 Warrior Point', ''),
(24, 'Meara', 'Halpin', 'mhalpinn@feedburner.com', 'Female', '01605 Lunder Point', ''),
(25, 'Mariele', 'Le Noire', 'mlenoireo@vistaprint.com', 'Female', '8 Lighthouse Bay Place', ''),
(26, 'Glen', 'Grob', 'ggrobp@gravatar.com', 'Non-binary', '30208 Judy Park', '7240'),
(27, 'Ingeborg', 'Goodhand', 'igoodhandq@unicef.org', 'Female', '910 Ilene Circle', ''),
(28, 'Denni', 'Ennals', 'dennalsr@youtu.be', 'Female', '97 Fisk Trail', ''),
(29, 'Colleen', 'Kunrad', 'ckunrads@bloglovin.com', 'Female', '664 Straubel Road', ''),
(30, 'Urban', 'Attoc', 'uattoct@deliciousdays.com', 'Male', '0 Fremont Terrace', '5030-473'),
(31, 'Filmer', 'Crenshaw', 'fcrenshawu@ftc.gov', 'Male', '54 Redwing Street', ''),
(32, 'Wenonah', 'Pinchen', 'wpinchenv@foxnews.com', 'Female', '72394 Loftsgordon Terrace', '95064'),
(33, 'Violante', 'Voysey', 'vvoyseyw@sakura.ne.jp', 'Female', '30 Dennis Way', '5291'),
(34, 'Elsy', 'Ingleby', 'einglebyx@wordpress.com', 'Female', '080 Myrtle Hill', ''),
(35, 'Jonie', 'Meaton', 'jmeatony@wikipedia.org', 'Female', '58 Blackbird Point', ''),
(36, 'Dexter', 'Pagel', 'dpagelz@bravesites.com', 'Male', '59 Park Meadow Drive', '53129'),
(37, 'Byrann', 'Beatens', 'bbeatens10@pcworld.com', 'Male', '70607 Summerview Street', ''),
(38, 'Rockie', 'Stadden', 'rstadden11@oakley.com', 'Genderqueer', '03 Cascade Parkway', '334 80'),
(39, 'Maximo', 'Gaskill', 'mgaskill12@360.cn', 'Male', '781 New Castle Street', ''),
(40, 'Prudi', 'Westmarland', 'pwestmarland13@domainmarket.com', 'Female', '4 Scofield Center', '44-370'),
(41, 'Teresita', 'Hover', 'thover14@cbsnews.com', 'Female', '3470 Duke Trail', ''),
(42, 'Onfre', 'Serchwell', 'oserchwell15@theglobeandmail.com', 'Male', '7 Pleasure Junction', ''),
(43, 'Oates', 'Dykins', 'odykins16@vistaprint.com', 'Male', '70946 Dayton Place', ''),
(44, 'Silvan', 'Rodrig', 'srodrig17@instagram.com', 'Male', '33266 Cordelia Trail', 'MD-3652'),
(45, 'Yetty', 'Ouldcott', 'youldcott18@sohu.com', 'Female', '901 Homewood Plaza', '249185'),
(46, 'Lynnet', 'Convery', 'lconvery19@odnoklassniki.ru', 'Genderfluid', '691 Stone Corner Avenue', ''),
(47, 'Wenda', 'Hallas', 'whallas1a@comcast.net', 'Female', '12005 3rd Hill', '4806'),
(48, 'Jeanelle', 'Barry', 'jbarry1b@gizmodo.com', 'Female', '0133 Ilene Avenue', ''),
(49, 'Helena', 'MacNeill', 'hmacneill1c@xinhuanet.com', 'Female', '8 Corry Way', '904-0116'),
(50, 'Garrett', 'McGurk', 'gmcgurk1d@columbia.edu', 'Male', '74 Golf Course Junction', '8308'),
(51, 'Elysee', 'Reames', 'ereames1e@spotify.com', 'Female', '819 Harbort Park', '3081'),
(52, 'Augusta', 'Whatman', 'awhatman1f@mac.com', 'Genderqueer', '2 Blue Bill Park Pass', '4311'),
(53, 'Sarita', 'Vuittet', 'svuittet1g@discovery.com', 'Female', '5861 Jana Trail', '89204 CEDEX'),
(54, 'Kalina', 'Adamik', 'kadamik1h@dell.com', 'Polygender', '7 Merry Court', '84-217'),
(55, 'Brigg', 'McKilroe', 'bmckilroe1i@yellowbook.com', 'Male', '00006 Hallows Place', 'T4V'),
(56, 'Pancho', 'Piquard', 'ppiquard1j@paypal.com', 'Male', '6498 Morning Alley', ''),
(57, 'Amery', 'Housam', 'ahousam1k@reddit.com', 'Male', '864 Rockefeller Lane', '1173'),
(58, 'Andras', 'Elwel', 'aelwel1l@webs.com', 'Male', '021 Gulseth Terrace', '684009'),
(59, 'Fransisco', 'Micah', 'fmicah1m@nationalgeographic.com', 'Male', '43 Pond Junction', '3312'),
(60, 'Dianne', 'Clerk', 'dclerk1n@ebay.co.uk', 'Female', '21 Marcy Avenue', '307505'),
(61, 'Robb', 'Arthurs', 'rarthurs1o@edublogs.org', 'Male', '91786 Autumn Leaf Junction', '20409'),
(62, 'Davie', 'Strelitzki', 'dstrelitzki1p@amazon.com', 'Male', '30 Thackeray Plaza', ''),
(63, 'Bobbie', 'Stucksbury', 'bstucksbury1q@usda.gov', 'Male', '664 Fieldstone Terrace', '44150'),
(64, 'Leilah', 'Garatty', 'lgaratty1r@tumblr.com', 'Female', '54 Cardinal Court', '30240'),
(65, 'Schuyler', 'Fearnley', 'sfearnley1s@dmoz.org', 'Male', '63054 Michigan Park', ''),
(66, 'Junie', 'Shovel', 'jshovel1t@wordpress.com', 'Female', '08 Parkside Street', ''),
(67, 'Concordia', 'Hudson', 'chudson1u@addthis.com', 'Female', '236 Buhler Plaza', ''),
(68, 'Christiane', 'Spitell', 'cspitell1v@cbc.ca', 'Female', '0033 Warner Alley', '14765-000'),
(69, 'Jobina', 'Selesnick', 'jselesnick1w@histats.com', 'Female', '8126 Crownhardt Road', '357128'),
(70, 'Noel', 'Bedborough', 'nbedborough1x@irs.gov', 'Male', '41 Mockingbird Court', '35590-000'),
(71, 'Corny', 'Gingell', 'cgingell1y@mail.ru', 'Female', '8747 Birchwood Road', '57-220'),
(72, 'Kylynn', 'Cheetam', 'kcheetam1z@lulu.com', 'Female', '927 Logan Alley', '84280'),
(73, 'Ahmed', 'Ghirigori', 'aghirigori20@businessweek.com', 'Male', '49345 Walton Way', ''),
(74, 'Marlene', 'Bartolomeo', 'mbartolomeo21@narod.ru', 'Genderfluid', '6972 Fuller Park', '17120-000'),
(75, 'Albrecht', 'Kryska', 'akryska22@nps.gov', 'Male', '238 Kinsman Hill', ''),
(76, 'Evania', 'Huggons', 'ehuggons23@icq.com', 'Female', '696 Lighthouse Bay Hill', ''),
(77, 'Velma', 'Pounsett', 'vpounsett24@artisteer.com', 'Female', '176 Rutledge Terrace', ''),
(78, 'Sherry', 'Tickle', 'stickle25@ustream.tv', 'Female', '72659 Express Plaza', '55448'),
(79, 'Marcia', 'Paxforde', 'mpaxforde26@oakley.com', 'Female', '8 Union Parkway', '4215'),
(80, 'Keith', 'Giacoboni', 'kgiacoboni27@multiply.com', 'Genderfluid', '90 Walton Circle', '3410'),
(81, 'Perice', 'Kinsell', 'pkinsell28@youku.com', 'Male', '5595 Vahlen Plaza', ''),
(82, 'Worthy', 'Jaulme', 'wjaulme29@bing.com', 'Male', '88237 Gateway Plaza', ''),
(83, 'Virgil', 'Leadbeatter', 'vleadbeatter2a@ebay.com', 'Male', '65 Northport Street', ''),
(84, 'Chrissy', 'Huyge', 'chuyge2b@examiner.com', 'Female', '89990 Dahle Parkway', '23285'),
(85, 'Johnna', 'Heinle', 'jheinle2c@alexa.com', 'Female', '33238 Dawn Junction', '422343'),
(86, 'Janna', 'Cadge', 'jcadge2d@dropbox.com', 'Female', '71549 Transport Court', '51690'),
(87, 'Shirl', 'Rablen', 'srablen2e@huffingtonpost.com', 'Female', '80 School Crossing', '1532'),
(88, 'Annnora', 'Caser', 'acaser2f@dedecms.com', 'Female', '78206 1st Way', ''),
(89, 'Hew', 'Shorthill', 'hshorthill2g@goo.gl', 'Male', '8785 Nancy Trail', '6844'),
(90, 'Ardyth', 'Frise', 'afrise2h@umich.edu', 'Female', '61 Manitowish Court', ''),
(91, 'Bruce', 'Vanelli', 'bvanelli2i@state.tx.us', 'Male', '9999 Becker Trail', '722 33'),
(92, 'Titus', 'Anderer', 'tanderer2j@bigcartel.com', 'Male', '7618 Muir Park', ''),
(93, 'Muffin', 'de Pinna', 'mdepinna2k@xinhuanet.com', 'Male', '83 Moland Court', '5000'),
(94, 'Marsha', 'Bertome', 'mbertome2l@psu.edu', 'Female', '29 Hazelcrest Trail', ''),
(95, 'Jules', 'Uzzell', 'juzzell2m@telegraph.co.uk', 'Male', '6714 Village Green Center', '352574'),
(96, 'Bentley', 'Lytell', 'blytell2n@ucoz.ru', 'Male', '5 Troy Center', ''),
(97, 'Christean', 'Aspinal', 'caspinal2o@merriam-webster.com', 'Female', '72 Melby Crossing', '196851'),
(98, 'Dacy', 'Buckett', 'dbuckett2p@noaa.gov', 'Female', '0067 Drewry Way', ''),
(99, 'Hamlin', 'Bodechon', 'hbodechon2q@sfgate.com', 'Male', '127 Northwestern Alley', '473029'),
(100, 'Rees', 'Christal', 'rchristal2r@imdb.com', 'Male', '4413 Hazelcrest Street', '3505-556'),
(101, 'Merv', 'Cadamy', 'mcadamy2s@plala.or.jp', 'Male', '55221 Drewry Parkway', '97540-000'),
(102, 'Trevar', 'MacParlan', 'tmacparlan2t@wikimedia.org', 'Male', '30104 Burrows Hill', '443099'),
(103, 'Darin', 'Gallier', 'dgallier2u@yelp.com', 'Male', '76184 Milwaukee Trail', '665236'),
(104, 'Anatol', 'Allabarton', 'aallabarton2v@webmd.com', 'Polygender', '5 Red Cloud Parkway', ''),
(105, 'Franchot', 'Copnar', 'fcopnar2w@state.tx.us', 'Male', '979 Arkansas Alley', '747 15'),
(106, 'Aigneis', 'Meany', 'ameany2x@ameblo.jp', 'Polygender', '5420 Fairview Pass', '4785-035'),
(107, 'Quinlan', 'Fairlaw', 'qfairlaw2y@ifeng.com', 'Male', '296 Continental Alley', ''),
(108, 'Wolfie', 'Guerrier', 'wguerrier2z@oakley.com', 'Male', '73 Northland Street', ''),
(109, 'Gabie', 'Wehden', 'gwehden30@dailymotion.com', 'Bigender', '7 Merry Plaza', ''),
(110, 'Pepe', 'Jephson', 'pjephson31@ning.com', 'Male', '1 Fisk Court', ''),
(111, 'Emanuele', 'Pilmoor', 'epilmoor32@netscape.com', 'Male', '7157 Sullivan Crossing', '1666'),
(112, 'Hayyim', 'Bridgett', 'hbridgett33@plala.or.jp', 'Male', '74 Moulton Plaza', ''),
(113, 'Beverley', 'Jacop', 'bjacop34@ocn.ne.jp', 'Female', '3365 Jana Center', ''),
(114, 'Timmi', 'Cornthwaite', 'tcornthwaite35@dell.com', 'Female', '34 Delladonna Trail', ''),
(115, 'Flory', 'Piele', 'fpiele36@domainmarket.com', 'Male', '6280 Jenifer Crossing', ''),
(116, 'Dalia', 'Gilchriest', 'dgilchriest37@ox.ac.uk', 'Female', '08 Forest Dale Circle', '0930'),
(117, 'Juliana', 'Gratrex', 'jgratrex38@noaa.gov', 'Female', '633 Village Green Trail', ''),
(118, 'Gerald', 'Brasner', 'gbrasner39@sitemeter.com', 'Male', '751 Sullivan Junction', '141146'),
(119, 'Martie', 'Pudge', 'mpudge3a@wordpress.com', 'Male', '241 Grasskamp Circle', ''),
(120, 'Culley', 'Fawley', 'cfawley3b@cisco.com', 'Male', '04898 Waywood Crossing', ''),
(121, 'Avery', 'Martt', 'amartt3c@spiegel.de', 'Male', '39817 Vera Park', ''),
(122, 'Enrique', 'Cornes', 'ecornes3d@examiner.com', 'Male', '9 Carey Avenue', ''),
(123, 'Cos', 'Vinck', 'cvinck3e@ucoz.ru', 'Male', '48 Sundown Terrace', ''),
(124, 'Terrel', 'Klezmski', 'tklezmski3f@phpbb.com', 'Male', '365 Schlimgen Court', ''),
(125, 'Jimmy', 'ffrench Beytagh', 'jffrenchbeytagh3g@washingtonpost.com', 'Male', '14531 Mosinee Street', '6025'),
(126, 'Lammond', 'Vlach', 'lvlach3h@hibu.com', 'Bigender', '38680 Fordem Court', ''),
(127, 'Barbie', 'Hehl', 'bhehl3i@pagesperso-orange.fr', 'Female', '71644 Nevada Crossing', '9930-025'),
(128, 'Alla', 'Thurber', 'athurber3j@cnn.com', 'Bigender', '267 Vermont Pass', '7103'),
(129, 'Zerk', 'Casey', 'zcasey3k@twitpic.com', 'Male', '699 Marquette Place', ''),
(130, 'Eberto', 'Canet', 'ecanet3l@virginia.edu', 'Male', '6 Hooker Way', ''),
(131, 'Dagmar', 'Gorling', 'dgorling3m@google.com.au', 'Female', '79135 Pierstorff Junction', '37-610'),
(132, 'Aubrey', 'Tunsley', 'atunsley3n@fda.gov', 'Female', '4 Menomonie Crossing', ''),
(133, 'Jojo', 'Mintoff', 'jmintoff3o@is.gd', 'Female', '01 Doe Crossing Street', ''),
(134, 'Lorianna', 'Triplet', 'ltriplet3p@zdnet.com', 'Female', '9445 Schiller Road', '78830-000'),
(135, 'Devy', 'Ormerod', 'dormerod3q@vinaora.com', 'Male', '69 Moland Avenue', '43-476'),
(136, 'Junette', 'Bowater', 'jbowater3r@google.de', 'Female', '989 Redwing Alley', '6310'),
(137, 'Westley', 'Nottingam', 'wnottingam3s@github.com', 'Male', '17 Steensland Court', ''),
(138, 'Ricki', 'Seviour', 'rseviour3t@tinyurl.com', 'Male', '98604 Messerschmidt Lane', ''),
(139, 'Romain', 'O\'Dunniom', 'rodunniom3u@xrea.com', 'Male', '5867 Division Circle', ''),
(140, 'Gardiner', 'Mardling', 'gmardling3v@ox.ac.uk', 'Agender', '72839 Moland Terrace', '925-0215'),
(141, 'Cecilla', 'Skilling', 'cskilling3w@japanpost.jp', 'Female', '841 Jay Parkway', ''),
(142, 'Herb', 'Frances', 'hfrances3x@sphinn.com', 'Male', '117 Comanche Trail', ''),
(143, 'Quintilla', 'Volkers', 'qvolkers3y@google.ru', 'Female', '505 Cordelia Trail', '95560-000'),
(144, 'Cass', 'Ashfull', 'cashfull3z@stanford.edu', 'Polygender', '61808 Dwight Junction', '4980-559'),
(145, 'Dana', 'Boman', 'dboman40@yandex.ru', 'Female', '629 Northland Court', '4620-526'),
(146, 'Julina', 'Wilshin', 'jwilshin41@europa.eu', 'Female', '87 Macpherson Road', '6702'),
(147, 'Idalia', 'Whitlock', 'iwhitlock42@angelfire.com', 'Female', '587 Ridgeway Center', ''),
(148, 'Deidre', 'Coat', 'dcoat43@moonfruit.com', 'Female', '4 Manufacturers Junction', '13460-000'),
(149, 'Ines', 'Chalker', 'ichalker44@fc2.com', 'Female', '800 Tennyson Pass', ''),
(150, 'Penn', 'Trewartha', 'ptrewartha45@unblog.fr', 'Male', '63332 Rusk Place', ''),
(151, 'Deana', 'Chellam', 'dchellam46@usa.gov', 'Genderfluid', '5 Wayridge Park', '249080'),
(152, 'Fredrick', 'Yve', 'fyve47@people.com.cn', 'Male', '5 Buell Court', '05552'),
(153, 'Sophronia', 'Beardsworth', 'sbeardsworth48@cafepress.com', 'Female', '73632 Colorado Crossing', '512 63'),
(154, 'Denna', 'Wallicker', 'dwallicker49@umich.edu', 'Female', '03 Bayside Road', ''),
(155, 'Lynett', 'Lead', 'llead4a@cnet.com', 'Female', '770 Beilfuss Court', ''),
(156, 'Ferdinanda', 'Fansy', 'ffansy4b@booking.com', 'Polygender', '5134 Maple Point', ''),
(157, 'Erasmus', 'Cathrall', 'ecathrall4c@economist.com', 'Genderfluid', '6937 Harbort Street', ''),
(158, 'Arnie', 'Pennock', 'apennock4d@google.es', 'Male', '2440 Truax Circle', ''),
(159, 'Nicolas', 'Rollett', 'nrollett4e@discovery.com', 'Male', '26 Anhalt Trail', ''),
(160, 'Prue', 'Preshous', 'ppreshous4f@washingtonpost.com', 'Female', '0470 Bayside Place', '28820-000'),
(161, 'Reina', 'Peerman', 'rpeerman4g@networksolutions.com', 'Female', '1806 Arizona Hill', ''),
(162, 'Karilynn', 'Fiddiman', 'kfiddiman4h@uiuc.edu', 'Bigender', '71 Lillian Parkway', '934 91'),
(163, 'Jeniffer', 'Giacopello', 'jgiacopello4i@usgs.gov', 'Polygender', '646 Becker Circle', '90160'),
(164, 'Chandal', 'Eames', 'ceames4j@virginia.edu', 'Female', '7902 Straubel Plaza', ''),
(165, 'Fernande', 'Scoterbosh', 'fscoterbosh4k@creativecommons.org', 'Female', '621 Arizona Street', '346516'),
(166, 'Hinze', 'Albrook', 'halbrook4l@51.la', 'Male', '603 Cascade Junction', '172048'),
(167, 'Hasty', 'Gillhespy', 'hgillhespy4m@bbb.org', 'Male', '874 Village Green Street', ''),
(168, 'Scarlett', 'Tallowin', 'stallowin4n@trellian.com', 'Agender', '396 Dennis Pass', ''),
(169, 'Lauretta', 'Cubbon', 'lcubbon4o@google.com.br', 'Female', '97234 Pankratz Street', ''),
(171, 'Shelby', 'Rawdall', 'srawdall4q@spiegel.de', 'Male', '452 Boyd Drive', '13270-000'),
(172, 'Katalin', 'Durban', 'kdurban4r@thetimes.co.uk', 'Female', '691 Killdeer Place', ''),
(173, 'Codie', 'Wigginton', 'cwigginton4s@wufoo.com', 'Female', '1687 East Alley', '3515'),
(174, 'Gilbert', 'Tezure', 'gtezure4t@timesonline.co.uk', 'Male', '0114 Green Ridge Alley', '16070'),
(175, 'Judas', 'Bevis', 'jbevis4u@boston.com', 'Male', '5 Waubesa Center', '61150'),
(176, 'Torrey', 'Harbord', 'tharbord4v@epa.gov', 'Male', '860 Eastlawn Road', 'DL10'),
(177, 'Pinchas', 'Filippello', 'pfilippello4w@pagesperso-orange.fr', 'Male', '3932 Kingsford Trail', ''),
(178, 'Lanie', 'Laming', 'llaming4x@parallels.com', 'Male', '3812 Riverside Way', '5004'),
(179, 'Carlo', 'Maxwell', 'cmaxwell4y@tumblr.com', 'Male', '04996 Haas Drive', ''),
(180, 'Kasper', 'Dedam', 'kdedam4z@eventbrite.com', 'Male', '6515 Eastwood Circle', ''),
(181, 'Danny', 'Stolworthy', 'dstolworthy50@bizjournals.com', 'Genderfluid', '4198 Helena Terrace', ''),
(182, 'Elysha', 'Cohrs', 'ecohrs51@uol.com.br', 'Female', '695 Washington Center', '4465'),
(183, 'Tiler', 'Lindfors', 'tlindfors52@house.gov', 'Male', '67 Fairview Drive', '49905 CEDEX 9'),
(184, 'Cornela', 'Rauprich', 'crauprich53@mac.com', 'Female', '6945 Mitchell Lane', ''),
(185, 'Dayna', 'Crapper', 'dcrapper54@creativecommons.org', 'Female', '55308 Cambridge Parkway', ''),
(186, 'Gustav', 'Balfe', 'gbalfe55@freewebs.com', 'Male', '220 Di Loreto Hill', ''),
(187, 'Thalia', 'Breewood', 'tbreewood56@cornell.edu', 'Female', '94917 Carioca Plaza', ''),
(188, 'Barbabas', 'Mantle', 'bmantle57@wired.com', 'Male', '165 Cherokee Circle', ''),
(189, 'Lisa', 'Benadette', 'lbenadette58@techcrunch.com', 'Female', '611 Veith Alley', '56140'),
(190, 'Sallyanne', 'Grichukhin', 'sgrichukhin59@so-net.ne.jp', 'Female', '0 Continental Plaza', '307450'),
(191, 'Kort', 'Roja', 'kroja5a@cocolog-nifty.com', 'Male', '3 Myrtle Way', '1066'),
(192, 'Val', 'Bleas', 'vbleas5b@sourceforge.net', 'Female', '0186 Schlimgen Lane', '7803'),
(193, 'Harri', 'Mars', 'hmars5c@virginia.edu', 'Female', '8 Kim Alley', ''),
(194, 'Blinny', 'McCard', 'bmccard5d@patch.com', 'Polygender', '56 Utah Court', ''),
(195, 'Allayne', 'Cotherill', 'acotherill5e@umich.edu', 'Male', '8 Russell Hill', ''),
(196, 'Rica', 'Gres', 'rgres5f@msu.edu', 'Female', '767 Meadow Vale Road', '02019 CEDEX'),
(197, 'Lonnie', 'Nockalls', 'lnockalls5g@sogou.com', 'Female', '40 Farmco Trail', '98814'),
(198, 'Verne', 'Gulland', 'vgulland5h@oaic.gov.au', 'Male', '08 Jackson Lane', ''),
(199, 'Delano', 'Capinetti', 'dcapinetti5i@soundcloud.com', 'Male', '0915 Lukken Terrace', ''),
(200, 'Trstram', 'Sinnock', 'tsinnock5j@lycos.com', 'Male', '38 Calypso Drive', ''),
(201, 'Tammie', 'Mintoff', 'tmintoff5k@nasa.gov', 'Female', '68854 Pond Drive', '08550-000'),
(202, 'Joyan', 'Gronous', 'jgronous5l@mit.edu', 'Female', '2433 Norway Maple Point', ''),
(203, 'Dulcea', 'Rookeby', 'drookeby5m@princeton.edu', 'Female', '15647 Tony Pass', ''),
(204, 'Callie', 'Perroni', 'cperroni5n@com.com', 'Female', '33 Elmside Street', '22501'),
(205, 'Renate', 'Clowser', 'rclowser5o@deviantart.com', 'Female', '53869 Randy Parkway', ''),
(206, 'Alison', 'Shipperbottom', 'ashipperbottom5p@sciencedirect.com', 'Female', '79844 Scott Parkway', ''),
(207, 'Melamie', 'Tuberfield', 'mtuberfield5q@deviantart.com', 'Female', '79 Lindbergh Terrace', '751 35'),
(208, 'Beverlee', 'Penberthy', 'bpenberthy5r@dropbox.com', 'Female', '2 Westport Road', '9319'),
(209, 'Lin', 'Timeby', 'ltimeby5s@reverbnation.com', 'Male', '3 Dayton Center', '606912'),
(210, 'Rossy', 'Camings', 'rcamings5t@bigcartel.com', 'Male', '581 Starling Junction', ''),
(211, 'Madelene', 'Spenley', 'mspenley5u@csmonitor.com', 'Female', '154 Ohio Center', ''),
(212, 'Martguerita', 'Laydel', 'mlaydel5v@360.cn', 'Female', '538 Drewry Crossing', '2400'),
(213, 'Tiebold', 'McTeer', 'tmcteer5w@wordpress.org', 'Male', '698 Union Terrace', ''),
(214, 'Kerrin', 'MacLaverty', 'kmaclaverty5x@chronoengine.com', 'Female', '9 Mesta Street', ''),
(215, 'Jervis', 'Griffiths', 'jgriffiths5y@technorati.com', 'Male', '7 Vermont Lane', ''),
(216, 'Coleen', 'Maingot', 'cmaingot5z@harvard.edu', 'Female', '67 Trailsway Park', ''),
(217, 'Eileen', 'Parsons', 'eparsons60@cbsnews.com', 'Female', '5 International Junction', '69624 CEDEX'),
(218, 'Alisun', 'Gennerich', 'agennerich61@icq.com', 'Female', '4 Pierstorff Center', ''),
(219, 'Sydney', 'Canepe', 'scanepe62@w3.org', 'Male', '89143 Evergreen Center', '56-209'),
(220, 'Denice', 'Crosson', 'dcrosson63@ehow.com', 'Genderfluid', '1 Main Point', ''),
(221, 'Maggie', 'Shetliff', 'mshetliff64@ted.com', 'Female', '793 Park Meadow Terrace', '50546'),
(222, 'Brigit', 'Sketh', 'bsketh65@answers.com', 'Bigender', '55 7th Park', '8700'),
(223, 'Nicky', 'Vankov', 'nvankov66@cargocollective.com', 'Male', '3 Independence Pass', '89107-000'),
(224, 'Arlana', 'Treven', 'atreven67@dion.ne.jp', 'Female', '18127 Morrow Parkway', '641878'),
(225, 'Christophorus', 'Gherardelli', 'cgherardelli68@seattletimes.com', 'Male', '929 Cascade Pass', '84309 CEDEX'),
(226, 'Caddric', 'Tumulty', 'ctumulty69@usa.gov', 'Male', '34750 Killdeer Place', ''),
(227, 'Stephenie', 'Libermore', 'slibermore6a@squidoo.com', 'Female', '39160 Bashford Park', ''),
(228, 'Mikol', 'Goggey', 'mgoggey6b@epa.gov', 'Genderqueer', '54950 Caliangt Way', '353254'),
(229, 'Rooney', 'Broddle', 'rbroddle6c@bloomberg.com', 'Male', '8135 Meadow Valley Drive', '8505'),
(230, 'Pierre', 'Duncanson', 'pduncanson6d@boston.com', 'Male', '7291 Mcguire Crossing', ''),
(231, 'Sharona', 'Bastiman', 'sbastiman6e@fema.gov', 'Agender', '7 Kennedy Parkway', '8513'),
(232, 'Wilt', 'Godlonton', 'wgodlonton6f@macromedia.com', 'Male', '44 Center Point', ''),
(233, 'Yasmin', 'Skea', 'yskea6g@acquirethisname.com', 'Female', '13 Cody Point', ''),
(234, 'Raven', 'Goolding', 'rgoolding6h@webs.com', 'Female', '54 Bultman Court', ''),
(235, 'Angele', 'Heaffey', 'aheaffey6i@youtube.com', 'Female', '20713 Anhalt Avenue', ''),
(236, 'Talbot', 'Manktelow', 'tmanktelow6j@instagram.com', 'Male', '60485 Ridge Oak Park', 'K2H'),
(237, 'Vidovik', 'Benbow', 'vbenbow6k@networkadvertising.org', 'Male', '18267 Service Trail', '87840-000'),
(238, 'Rafael', 'Jacobowitz', 'rjacobowitz6l@cmu.edu', 'Male', '8803 Buhler Court', ''),
(239, 'Magdaia', 'Patinkin', 'mpatinkin6m@ovh.net', 'Female', '0 Karstens Plaza', ''),
(240, 'Suzanne', 'Frankiss', 'sfrankiss6n@elpais.com', 'Female', '67364 Farwell Hill', '524 24'),
(241, 'Bondy', 'Easthope', 'beasthope6o@g.co', 'Male', '79888 Hintze Junction', '1693'),
(243, 'Annaliese', 'Mundle', 'amundle6q@opensource.org', 'Female', '75088 Brentwood Terrace', ''),
(244, 'Skippie', 'Barrell', 'sbarrell6r@twitpic.com', 'Male', '8252 Schiller Avenue', ''),
(245, 'Bertram', 'Allsobrook', 'ballsobrook6s@nasa.gov', 'Male', '5 Brickson Park Parkway', '8232'),
(246, 'Dorolisa', 'Lammas', 'dlammas6t@wunderground.com', 'Female', '30 Oneill Center', '60604'),
(247, 'Andie', 'Beak', 'abeak6u@opensource.org', 'Female', '1 Crescent Oaks Drive', ''),
(248, 'Allistir', 'Pearle', 'apearle6v@miibeian.gov.cn', 'Male', '8 Hovde Hill', '63804 CEDEX'),
(249, 'Ely', 'Storks', 'estorks6w@devhub.com', 'Male', '61 Vidon Court', '16880-000'),
(250, 'Kamilah', 'Blezard', 'kblezard6x@nhs.uk', 'Female', '27836 Butternut Court', ''),
(251, 'Chelsea', 'Mabe', 'cmabe6y@statcounter.com', 'Female', '2 Hazelcrest Street', '88390-000'),
(252, 'Mellicent', 'Errey', 'merrey6z@gizmodo.com', 'Female', '24885 Schmedeman Trail', '6104'),
(253, 'Courtney', 'Struijs', 'cstruijs70@e-recht24.de', 'Male', '196 Lakeland Pass', '70501'),
(254, 'Carl', 'Jerzykiewicz', 'cjerzykiewicz71@google.cn', 'Male', '8934 Sheridan Avenue', '32-622'),
(255, 'Hendrik', 'Crisell', 'hcrisell72@cam.ac.uk', 'Male', '3 Onsgard Hill', '4480-493'),
(256, 'Torre', 'Ivanchenkov', 'tivanchenkov73@berkeley.edu', 'Male', '80 Weeping Birch Park', ''),
(257, 'Heall', 'Kettlestringes', 'hkettlestringes74@last.fm', 'Male', '76 Dunning Center', '73-155'),
(258, 'Linc', 'O\'Corrane', 'locorrane75@com.com', 'Male', '0 Ruskin Center', ''),
(259, 'Dorry', 'Fain', 'dfain76@delicious.com', 'Female', '65218 Carey Alley', ''),
(260, 'Felicia', 'Tole', 'ftole77@gravatar.com', 'Female', '8974 New Castle Place', ''),
(261, 'Packston', 'Hennemann', 'phennemann78@businesswire.com', 'Male', '71 Columbus Parkway', '6202'),
(262, 'Eddy', 'Happert', 'ehappert79@java.com', 'Female', '3533 Valley Edge Avenue', '188478'),
(263, 'Edward', 'Kibbee', 'ekibbee7a@discuz.net', 'Genderfluid', '9013 Union Place', '15740'),
(264, 'Sayres', 'Sherrell', 'ssherrell7b@t-online.de', 'Male', '71 Lakewood Park', ''),
(265, 'Howey', 'Rimmer', 'hrimmer7c@biblegateway.com', 'Male', '77963 International Street', '4113'),
(266, 'Archer', 'O\' Mullane', 'aomullane7d@va.gov', 'Bigender', '788 Hovde Park', ''),
(267, 'Cyndi', 'Bonifas', 'cbonifas7e@cnn.com', 'Female', '04584 Morrow Avenue', ''),
(268, 'Cynthie', 'Dumbell', 'cdumbell7f@skype.com', 'Female', '7 Swallow Hill', '2516'),
(269, 'Vern', 'Matthesius', 'vmatthesius7g@stanford.edu', 'Male', '27958 Milwaukee Junction', ''),
(270, 'Chancey', 'Garlee', 'cgarlee7h@webeden.co.uk', 'Male', '98 Pine View Lane', ''),
(271, 'Giulia', 'Norheny', 'gnorheny7i@edublogs.org', 'Female', '872 Shoshone Street', ''),
(272, 'Kori', 'Lawford', 'klawford7j@example.com', 'Genderfluid', '80 Algoma Hill', ''),
(273, 'Jacqueline', 'Heisler', 'jheisler7k@so-net.ne.jp', 'Female', '1 Walton Street', '614520'),
(274, 'Bari', 'Matuszewski', 'bmatuszewski7l@cbslocal.com', 'Female', '155 Banding Center', ''),
(275, 'Holmes', 'Gossart', 'hgossart7m@wikimedia.org', 'Male', '5884 Norway Maple Court', '17104 CEDEX'),
(276, 'Theressa', 'Hafner', 'thafner7n@cyberchimps.com', 'Female', '82 Dovetail Point', ''),
(277, 'Giorgio', 'Featonby', 'gfeatonby7o@ycombinator.com', 'Male', '5497 Reinke Street', ''),
(278, 'Brittni', 'Redmile', 'bredmile7p@zdnet.com', 'Female', '24518 Dorton Drive', ''),
(279, 'Bill', 'Pickton', 'bpickton7q@mac.com', 'Female', '9 Spenser Avenue', ''),
(280, 'Keenan', 'Gwalter', 'kgwalter7r@wunderground.com', 'Male', '599 Esker Drive', ''),
(281, 'Armand', 'Van Hesteren', 'avanhesteren7s@statcounter.com', 'Male', '5 Glendale Pass', ''),
(282, 'Gayelord', 'Lawly', 'glawly7t@rakuten.co.jp', 'Genderfluid', '4398 Heffernan Plaza', ''),
(283, 'Erika', 'Burney', 'eburney7u@netlog.com', 'Female', '0 Mallory Trail', ''),
(284, 'Gusti', 'Calton', 'gcalton7v@php.net', 'Female', '4428 Ohio Park', ''),
(285, 'Kimberlee', 'Reisenstein', 'kreisenstein7w@adobe.com', 'Female', '47692 Fremont Center', '3220-350'),
(286, 'Ianthe', 'Hanham', 'ihanham7x@apple.com', 'Female', '755 Longview Alley', 'L-5431'),
(287, 'Hamilton', 'Longridge', 'hlongridge7y@google.fr', 'Non-binary', '5 Karstens Circle', '83101'),
(288, 'Glenine', 'Baxter', 'gbaxter7z@yandex.ru', 'Female', '518 Mallory Plaza', '62870-000'),
(289, 'Hendrick', 'Brignell', 'hbrignell80@mtv.com', 'Male', '711 Haas Alley', '056838'),
(290, 'Levey', 'Lambot', 'llambot81@pbs.org', 'Male', '6920 Spohn Drive', ''),
(291, 'Jonas', 'Burston', 'jburston82@cocolog-nifty.com', 'Genderfluid', '84031 Surrey Trail', '188665'),
(292, 'Kaitlyn', 'Howbrook', 'khowbrook83@kickstarter.com', 'Female', '3 Carpenter Court', ''),
(293, 'Gaultiero', 'Coiley', 'gcoiley84@istockphoto.com', 'Male', '5 Village Point', '70644'),
(294, 'Maxwell', 'Andren', 'mandren85@facebook.com', 'Male', '24 North Lane', '29120'),
(295, 'Lia', 'Crilly', 'lcrilly86@imgur.com', 'Female', '35945 Lyons Terrace', ''),
(296, 'Korey', 'Minkin', 'kminkin87@nbcnews.com', 'Male', '223 Lukken Road', '186 53'),
(297, 'Ulrike', 'Gandy', 'ugandy88@reverbnation.com', 'Female', '034 Columbus Drive', ''),
(298, 'Barbaraanne', 'Tomblin', 'btomblin89@issuu.com', 'Female', '7977 Ronald Regan Drive', ''),
(299, 'Harmonia', 'Tranter', 'htranter8a@wordpress.com', 'Female', '86015 Golf Course Way', ''),
(300, 'Darnell', 'Trowle', 'dtrowle8b@google.es', 'Male', '28949 Pierstorff Road', '48919'),
(301, 'Bibi', 'Pettyfar', 'bpettyfar8c@dedecms.com', 'Female', '72 Reinke Alley', '985-0003'),
(302, 'Derick', 'Postans', 'dpostans8d@yandex.ru', 'Male', '9 Bluejay Crossing', '2435-107'),
(303, 'Rebecca', 'Thurlbourne', 'rthurlbourne8e@bloglines.com', 'Female', '39320 School Lane', ''),
(304, 'Les', 'Nangle', 'lnangle8f@spotify.com', 'Male', '7672 Evergreen Lane', '94734 CEDEX'),
(305, 'Devlen', 'Surmeyer', 'dsurmeyer8g@live.com', 'Male', '00 North Hill', '4408'),
(306, 'Cherry', 'Hadfield', 'chadfield8h@aboutads.info', 'Female', '45504 Tomscot Trail', ''),
(307, 'Muire', 'Ruttgers', 'mruttgers8i@issuu.com', 'Female', '04191 Burning Wood Junction', ''),
(308, 'Ives', 'Undrill', 'iundrill8j@creativecommons.org', 'Male', '57 Hansons Way', '30120'),
(309, 'Killie', 'Desquesnes', 'kdesquesnes8k@jalbum.net', 'Male', '28 Beilfuss Hill', '5234'),
(310, 'Rowland', 'Spittle', 'rspittle8l@bloomberg.com', 'Male', '83217 Jackson Parkway', ''),
(311, 'Haily', 'Spavins', 'hspavins8m@mayoclinic.com', 'Female', '3168 Shoshone Alley', ''),
(312, 'Bettye', 'Dietz', 'bdietz8n@odnoklassniki.ru', 'Female', '65 Park Meadow Junction', ''),
(313, 'Tildie', 'Saddington', 'tsaddington8o@virginia.edu', 'Female', '4238 Northland Center', '3120'),
(314, 'Rusty', 'Pattle', 'rpattle8p@desdev.cn', 'Genderfluid', '2 Lukken Plaza', ''),
(315, 'Paige', 'Jenyns', 'pjenyns8q@youtube.com', 'Male', '87 Logan Trail', 'LS9'),
(316, 'Noellyn', 'Phizakarley', 'nphizakarley8r@wired.com', 'Female', '98638 Killdeer Parkway', '4715'),
(317, 'Rubin', 'Hansie', 'rhansie8s@indiatimes.com', 'Male', '6416 Truax Street', ''),
(318, 'Aprilette', 'Fraine', 'afraine8t@acquirethisname.com', 'Female', '303 Oriole Trail', ''),
(319, 'Ruggiero', 'Gaddes', 'rgaddes8u@sohu.com', 'Male', '46492 Bashford Drive', ''),
(320, 'Penni', 'Odney', 'podney8v@dmoz.org', 'Female', '1 Veith Center', '26070'),
(321, 'Kelwin', 'Filkin', 'kfilkin8w@ezinearticles.com', 'Male', '287 Esker Center', ''),
(322, 'Andie', 'Bonson', 'abonson8x@dell.com', 'Male', '590 Basil Lane', ''),
(323, 'Isa', 'McGebenay', 'imcgebenay8y@opera.com', 'Female', '9 Sutteridge Terrace', '172389'),
(324, 'Curry', 'Wint', 'cwint8z@ucla.edu', 'Male', '68 Arrowood Drive', '46-310'),
(325, 'Gunilla', 'Kamenar', 'gkamenar90@kickstarter.com', 'Female', '55 Brickson Park Circle', ''),
(326, 'Nona', 'Matthieson', 'nmatthieson91@tumblr.com', 'Female', '11 Hallows Road', ''),
(327, 'Sayer', 'Mouton', 'smouton92@phpbb.com', 'Male', '47 Loeprich Pass', '29550-000'),
(328, 'Matthias', 'Lyard', 'mlyard93@ucsd.edu', 'Male', '48888 Grim Terrace', '384 51'),
(329, 'Mortie', 'Dubs', 'mdubs94@stanford.edu', 'Male', '74133 Redwing Junction', '703 44'),
(330, 'Jemmy', 'Dent', 'jdent95@who.int', 'Female', '856 Vahlen Circle', '85884-000'),
(331, 'Latisha', 'Latek', 'llatek96@google.co.uk', 'Female', '21 Gina Drive', ''),
(332, 'Janeta', 'Herkess', 'jherkess97@people.com.cn', 'Female', '8 Di Loreto Center', ''),
(333, 'Jacquenetta', 'Hussey', 'jhussey98@mozilla.com', 'Non-binary', '889 Center Plaza', ''),
(334, 'Langsdon', 'Teager', 'lteager99@uol.com.br', 'Male', '5740 Everett Junction', ''),
(335, 'Delmar', 'Chiene', 'dchiene9a@oakley.com', 'Male', '315 1st Pass', '1109'),
(336, 'Papagena', 'MacGowing', 'pmacgowing9b@rakuten.co.jp', 'Female', '40756 Utah Road', ''),
(337, 'Greta', 'Oolahan', 'goolahan9c@oaic.gov.au', 'Female', '7798 Glendale Avenue', '188919'),
(338, 'Craggy', 'Mattimoe', 'cmattimoe9d@unicef.org', 'Male', '2002 Springview Place', ''),
(339, 'Mary', 'Bissell', 'mbissell9e@yahoo.co.jp', 'Female', '34 Namekagon Point', ''),
(340, 'Roderich', 'Truelock', 'rtruelock9f@virginia.edu', 'Male', '2205 Cherokee Alley', ''),
(341, 'Jamal', 'Starmer', 'jstarmer9g@cmu.edu', 'Male', '219 Crest Line Hill', ''),
(342, 'Cornelia', 'Faichney', 'cfaichney9h@163.com', 'Female', '009 North Court', '403003'),
(343, 'Nevsa', 'Fillon', 'nfillon9i@loc.gov', 'Female', '89119 Kropf Avenue', ''),
(344, 'Norrie', 'Maplestone', 'nmaplestone9j@homestead.com', 'Female', '749 Bowman Terrace', '691 05'),
(345, 'Moselle', 'Labroue', 'mlabroue9k@biblegateway.com', 'Female', '7993 Swallow Drive', ''),
(346, 'Giavani', 'Cohrs', 'gcohrs9l@microsoft.com', 'Male', '9 Merchant Pass', '95032 CEDEX'),
(347, 'Robyn', 'Borrell', 'rborrell9m@nbcnews.com', 'Female', '776 Scott Place', '368792'),
(348, 'Moyna', 'Mutlow', 'mmutlow9n@newyorker.com', 'Female', '58296 Sachs Circle', '1185'),
(349, 'Gavan', 'Brumham', 'gbrumham9o@github.io', 'Male', '0085 Dryden Circle', ''),
(350, 'Ninetta', 'Izac', 'nizac9p@weebly.com', 'Female', '56354 Kenwood Court', ''),
(351, 'Marlin', 'Di Iorio', 'mdiiorio9q@who.int', 'Male', '4730 Cordelia Drive', ''),
(352, 'Meridith', 'Barrett', 'mbarrett9r@toplist.cz', 'Female', '533 Ruskin Trail', ''),
(353, 'Caroljean', 'Trahmel', 'ctrahmel9s@miibeian.gov.cn', 'Female', '361 Shopko Trail', ''),
(354, 'Thomasine', 'Raeburn', 'traeburn9t@prweb.com', 'Female', '2 Straubel Terrace', ''),
(355, 'Kiley', 'Mobius', 'kmobius9u@yellowbook.com', 'Female', '504 Michigan Place', '28050'),
(357, 'Giovanna', 'Ponton', 'gponton9w@creativecommons.org', 'Female', '2 Gale Avenue', '41-106'),
(358, 'Goldi', 'Greeve', 'ggreeve9x@yellowpages.com', 'Female', '2 Leroy Plaza', '2200'),
(359, 'Tristam', 'Bramford', 'tbramford9y@usgs.gov', 'Male', '182 8th Drive', '92324 CEDEX'),
(360, 'Alvera', 'Spurnier', 'aspurnier9z@g.co', 'Female', '19 Sullivan Alley', ''),
(361, 'Caryl', 'Gemson', 'cgemsona0@addthis.com', 'Male', '0 Namekagon Place', '691 45'),
(362, 'Nicholle', 'Laval', 'nlavala1@friendfeed.com', 'Female', '4 Mifflin Hill', ''),
(363, 'Neils', 'Olphert', 'nolpherta2@google.ru', 'Male', '8307 South Junction', '33733 CEDEX 9'),
(364, 'Ines', 'Reid', 'ireida3@imgur.com', 'Female', '9024 Memorial Crossing', ''),
(365, 'Poul', 'Beeken', 'pbeekena4@ca.gov', 'Male', '9688 Glendale Trail', '341 84'),
(366, 'Nolan', 'McKew', 'nmckewa5@slashdot.org', 'Male', '38123 Del Mar Alley', ''),
(367, 'Bennie', 'Oulner', 'boulnera6@va.gov', 'Bigender', '15739 Bayside Circle', '46025'),
(368, 'Sherm', 'Frawley', 'sfrawleya7@salon.com', 'Male', '4941 Eliot Hill', ''),
(369, 'Cchaddie', 'Dabel', 'cdabela8@mac.com', 'Male', '88 Stuart Center', '35198-000'),
(370, 'Grayce', 'Bunney', 'gbunneya9@istockphoto.com', 'Female', '74 Mosinee Way', ''),
(371, 'Arney', 'Irce', 'airceaa@hubpages.com', 'Male', '46 Hudson Road', '26-806'),
(372, 'Fonsie', 'Ride', 'frideab@joomla.org', 'Male', '75 Iowa Road', '60340'),
(373, 'Selene', 'Bunt', 'sbuntac@slashdot.org', 'Polygender', '78 Northland Lane', ''),
(374, 'Silvie', 'Vondrys', 'svondrysad@nymag.com', 'Female', '5 Walton Hill', ''),
(375, 'Kalil', 'Jeratt', 'kjerattae@ezinearticles.com', 'Agender', '48342 International Crossing', ''),
(376, 'Bronnie', 'Healy', 'bhealyaf@wikispaces.com', 'Male', '999 Grover Center', ''),
(377, 'Myrtice', 'Preist', 'mpreistag@twitter.com', 'Female', '0841 Brown Pass', '462800'),
(378, 'Nikolas', 'Pickerell', 'npickerellah@vinaora.com', 'Non-binary', '7944 Lakeland Terrace', '77700'),
(379, 'Amos', 'Carrell', 'acarrellai@exblog.jp', 'Male', '736 Stone Corner Crossing', '731027'),
(380, 'Aguste', 'Quigg', 'aquiggaj@51.la', 'Male', '43383 Ridgeview Terrace', '135 22'),
(381, 'Wallis', 'Fuller', 'wfullerak@jigsy.com', 'Female', '3022 Golf Course Avenue', ''),
(382, 'Chuck', 'Martynikhin', 'cmartynikhinal@stanford.edu', 'Male', '8 Ramsey Circle', '20190'),
(383, 'Grier', 'Quinane', 'gquinaneam@fema.gov', 'Female', '65 Magdeline Road', ''),
(384, 'Taber', 'Tellenbrook', 'ttellenbrookan@cbc.ca', 'Male', '7 Del Sol Avenue', ''),
(385, 'Archie', 'Whitcomb', 'awhitcombao@wikimedia.org', 'Male', '592 Waxwing Place', ''),
(386, 'Demetrius', 'Venables', 'dvenablesap@usda.gov', 'Male', '9767 Vahlen Point', ''),
(387, 'Carmela', 'Chinn', 'cchinnaq@t.co', 'Female', '95000 Pleasure Alley', '59339 CEDEX'),
(388, 'Zacherie', 'Ivel', 'zivelar@instagram.com', 'Male', '351 Clemons Road', ''),
(389, 'Sena', 'Comizzoli', 'scomizzolias@go.com', 'Female', '82 Lien Hill', ''),
(390, 'Kary', 'Busst', 'kbusstat@ibm.com', 'Female', '09631 Trailsway Way', ''),
(391, 'Orelee', 'Stranks', 'ostranksau@boston.com', 'Female', '87678 Eastlawn Court', '92929 CEDEX'),
(392, 'Luther', 'Rulten', 'lrultenav@dion.ne.jp', 'Male', '8 Morning Way', ''),
(393, 'Moishe', 'Barkway', 'mbarkwayaw@marketwatch.com', 'Male', '78 Mosinee Hill', ''),
(394, 'Beulah', 'Clutterham', 'bclutterhamax@usatoday.com', 'Female', '422 Novick Drive', ''),
(395, 'Letizia', 'Bullion', 'lbullionay@mapy.cz', 'Female', '517 Hoepker Hill', ''),
(396, 'Hewitt', 'Baudasso', 'hbaudassoaz@canalblog.com', 'Male', '73 Hermina Drive', '2725-528'),
(397, 'Chandal', 'Aveyard', 'caveyardb0@ifeng.com', 'Female', '5317 Lawn Court', 'L-3377'),
(398, 'Kurtis', 'Ferns', 'kfernsb1@walmart.com', 'Male', '8 Florence Road', ''),
(399, 'Paul', 'Maryott', 'pmaryottb2@free.fr', 'Male', '843 Summerview Circle', '346050'),
(400, 'Frazer', 'Matson', 'fmatsonb3@marriott.com', 'Male', '1977 Ramsey Park', '21-411'),
(401, 'Annemarie', 'Stennet', 'astennetb4@msn.com', 'Female', '040 Spaight Trail', '0179'),
(402, 'Morna', 'Giacopetti', 'mgiacopettib5@simplemachines.org', 'Bigender', '89 Fordem Way', ''),
(403, 'Maude', 'Hulland', 'mhullandb6@dropbox.com', 'Female', '5976 Nobel Alley', ''),
(404, 'Sergent', 'Klageman', 'sklagemanb7@youku.com', 'Male', '02 Corben Place', '52410'),
(405, 'Fiann', 'Prate', 'fprateb8@rakuten.co.jp', 'Female', '97 Pankratz Road', ''),
(406, 'Timofei', 'Flisher', 'tflisherb9@jigsy.com', 'Male', '23074 Katie Avenue', '07522'),
(407, 'Melicent', 'Strangeways', 'mstrangewaysba@reuters.com', 'Non-binary', '3031 Westridge Street', ''),
(408, 'Mikol', 'Gronno', 'mgronnobb@vistaprint.com', 'Male', '18 Eagan Hill', '7200-224'),
(409, 'Jennee', 'Bapty', 'jbaptybc@hud.gov', 'Female', '69 Mallard Avenue', '22120'),
(410, 'Ulla', 'Merrison', 'umerrisonbd@purevolume.com', 'Bigender', '2 Surrey Center', '309276'),
(411, 'Deny', 'Balk', 'dbalkbe@smugmug.com', 'Female', '7888 Green Junction', '98175'),
(412, 'Sybila', 'Wisbey', 'swisbeybf@mozilla.com', 'Female', '4295 Eagle Crest Parkway', ''),
(413, 'Melita', 'Husbands', 'mhusbandsbg@cdbaby.com', 'Female', '16365 Magdeline Hill', ''),
(414, 'Mariska', 'Sanbrook', 'msanbrookbh@yelp.com', 'Female', '8 Morningstar Street', ''),
(415, 'Bunnie', 'Cutting', 'bcuttingbi@cnn.com', 'Female', '53 Eastwood Street', '83120'),
(416, 'Olga', 'Pirrone', 'opirronebj@comcast.net', 'Female', '648 Anderson Pass', '309060'),
(417, 'Leonelle', 'Idenden', 'lidendenbk@gizmodo.com', 'Female', '14926 6th Circle', ''),
(418, 'Floyd', 'Maynell', 'fmaynellbl@wisc.edu', 'Male', '7438 Manley Parkway', ''),
(419, 'Jefferson', 'Hupka', 'jhupkabm@icq.com', 'Male', '500 Shopko Circle', ''),
(420, 'Hagen', 'Lowdyane', 'hlowdyanebn@angelfire.com', 'Male', '97304 Scoville Pass', ''),
(421, 'Jsandye', 'Gonzalez', 'jgonzalezbo@csmonitor.com', 'Female', '0026 Tennyson Trail', '106 65'),
(422, 'Isador', 'Ditchfield', 'iditchfieldbp@addthis.com', 'Male', '5 Bunker Hill Center', '38035 CEDEX 2'),
(423, 'Stephenie', 'Theis', 'stheisbq@va.gov', 'Genderfluid', '2 Debs Plaza', '4550'),
(424, 'Hadleigh', 'Ralls', 'hrallsbr@t-online.de', 'Male', '4234 Old Gate Circle', ''),
(425, 'Zelda', 'Bambrick', 'zbambrickbs@storify.com', 'Agender', '6334 Evergreen Park', '20784'),
(426, 'Gunter', 'Belfield', 'gbelfieldbt@techcrunch.com', 'Genderqueer', '569 Mccormick Lane', '4032'),
(427, 'Sibella', 'Glennie', 'sglenniebu@nba.com', 'Genderqueer', '4656 Bay Park', ''),
(428, 'Romain', 'Roskeilly', 'rroskeillybv@phpbb.com', 'Male', '320 Superior Drive', '68710-000'),
(429, 'Rourke', 'Goodrick', 'rgoodrickbw@cbsnews.com', 'Male', '600 Daystar Park', ''),
(430, 'Neddie', 'Andrea', 'nandreabx@arizona.edu', 'Male', '94288 Oak Valley Lane', ''),
(431, 'Ronda', 'Lambin', 'rlambinby@bravesites.com', 'Female', '82 Dryden Court', '3550'),
(432, 'Elayne', 'Patek', 'epatekbz@51.la', 'Female', '7 Menomonie Terrace', ''),
(433, 'Wit', 'De La Hay', 'wdelahayc0@dailymotion.com', 'Male', '093 Hagan Way', '1158'),
(434, 'Aguie', 'Laughren', 'alaughrenc1@google.de', 'Male', '4 Russell Lane', ''),
(435, 'Isadora', 'Burchard', 'iburchardc2@booking.com', 'Female', '885 Luster Alley', '3116'),
(436, 'Marilyn', 'O\'Nowlan', 'monowlanc3@google.nl', 'Female', '753 Gale Terrace', '71213'),
(437, 'Christoph', 'Randalston', 'crandalstonc4@naver.com', 'Male', '39075 Arrowood Point', ''),
(438, 'Hansiain', 'Yeoland', 'hyeolandc5@arizona.edu', 'Male', '6 Larry Hill', ''),
(439, 'Saunder', 'Keatley', 'skeatleyc6@hostgator.com', 'Male', '886 Debs Court', ''),
(440, 'Culley', 'Bencher', 'cbencherc7@xinhuanet.com', 'Agender', '97 Basil Place', '8303'),
(441, 'Nesta', 'Readmire', 'nreadmirec8@smh.com.au', 'Female', '27 Kinsman Place', ''),
(442, 'Abran', 'Sprague', 'aspraguec9@clickbank.net', 'Non-binary', '8 John Wall Terrace', '2614'),
(443, 'Skye', 'Ellif', 'sellifca@ebay.com', 'Male', '4 Debra Place', ''),
(444, 'Kendell', 'Marzele', 'kmarzelecb@bloglovin.com', 'Male', '5314 Summer Ridge Lane', '06721 CEDEX'),
(445, 'Antoni', 'Axton', 'aaxtoncc@tamu.edu', 'Genderqueer', '4 Mandrake Drive', '20710'),
(446, 'Keith', 'Sawfoot', 'ksawfootcd@google.it', 'Male', '17 Melrose Avenue', ''),
(447, 'Giavani', 'Valintine', 'gvalintinece@discovery.com', 'Male', '2 Pepper Wood Drive', '353827'),
(448, 'Marty', 'Fusedale', 'mfusedalecf@indiegogo.com', 'Male', '0 Jenna Point', '347639'),
(449, 'Cristen', 'Murfett', 'cmurfettcg@cornell.edu', 'Female', '618 Commercial Court', ''),
(450, 'Ruperta', 'Quogan', 'rquoganch@jiathis.com', 'Female', '07 Pankratz Plaza', ''),
(451, 'Willi', 'Belison', 'wbelisonci@webeden.co.uk', 'Female', '86758 Raven Avenue', ''),
(452, 'Pegeen', 'Munnery', 'pmunnerycj@indiegogo.com', 'Female', '869 Linden Place', '33410'),
(453, 'Jania', 'Robbel', 'jrobbelck@altervista.org', 'Female', '12 Dahle Plaza', '763547'),
(454, 'Nancie', 'Lightbourne', 'nlightbournecl@creativecommons.org', 'Bigender', '13 Reindahl Junction', '1676'),
(455, 'Daniella', 'Cranefield', 'dcranefieldcm@google.es', 'Female', '191 Marcy Center', ''),
(456, 'Mack', 'Glenn', 'mglenncn@nature.com', 'Male', '5739 Oneill Junction', ''),
(457, 'Kendall', 'Pesak', 'kpesakco@ihg.com', 'Male', '4 South Plaza', '41918'),
(458, 'Cate', 'Kampshell', 'ckampshellcp@trellian.com', 'Female', '79750 Monterey Street', ''),
(459, 'Kenneth', 'Perrinchief', 'kperrinchiefcq@jalbum.net', 'Non-binary', '7 Golf Course Junction', ''),
(460, 'Bee', 'Stivey', 'bstiveycr@nsw.gov.au', 'Female', '22352 Bayside Trail', ''),
(461, 'Joannes', 'Coppledike', 'jcoppledikecs@usda.gov', 'Female', '6 Stone Corner Street', '84000-000'),
(462, 'Fannie', 'Dumbar', 'fdumbarct@liveinternet.ru', 'Non-binary', '2 Magdeline Hill', ''),
(463, 'Nicolle', 'Mollindinia', 'nmollindiniacu@g.co', 'Female', '795 Blackbird Pass', ''),
(464, 'Cordie', 'McKinlay', 'cmckinlaycv@cargocollective.com', 'Female', '04 Riverside Avenue', ''),
(465, 'Mikkel', 'Pendlington', 'mpendlingtoncw@washington.edu', 'Male', '645 Comanche Terrace', ''),
(466, 'Oby', 'McCrow', 'omccrowcx@vkontakte.ru', 'Male', '52166 Del Mar Alley', ''),
(467, 'Marmaduke', 'Lathee', 'mlatheecy@dailymail.co.uk', 'Male', '21628 Johnson Point', ''),
(468, 'Amalita', 'Seldner', 'aseldnercz@bloomberg.com', 'Female', '48 Canary Crossing', ''),
(469, 'Bertram', 'O\'Hogertie', 'bohogertied0@biblegateway.com', 'Male', '9 Village Park', '36-245'),
(470, 'Reynolds', 'Ferrarin', 'rferrarind1@ehow.com', 'Male', '4 Grasskamp Place', ''),
(471, 'Lucine', 'Shackell', 'lshackelld2@ca.gov', 'Female', '8038 Loomis Alley', '71120'),
(472, 'Tymothy', 'Townshend', 'ttownshendd3@nationalgeographic.com', 'Polygender', '396 Jenna Street', ''),
(473, 'Hendrika', 'Flecknell', 'hflecknelld4@npr.org', 'Female', '0 Chive Point', ''),
(474, 'Rosco', 'Shoard', 'rshoardd5@state.tx.us', 'Male', '471 Beilfuss Junction', '1426'),
(475, 'Ring', 'Creer', 'rcreerd6@godaddy.com', 'Male', '811 Park Meadow Hill', ''),
(476, 'Tadeo', 'Darwen', 'tdarwend7@booking.com', 'Male', '294 Chive Avenue', '6214'),
(477, 'Walther', 'Aspray', 'wasprayd8@surveymonkey.com', 'Male', '90928 Steensland Alley', '9869'),
(478, 'Tamera', 'Beckson', 'tbecksond9@jiathis.com', 'Female', '8 Rigney Place', ''),
(479, 'Aguistin', 'Jammet', 'ajammetda@google.co.uk', 'Male', '45 John Wall Trail', '76204 CEDEX'),
(480, 'Terry', 'Folke', 'tfolkedb@webnode.com', 'Female', '1070 Anzinger Center', '78718 CEDEX'),
(481, 'Bruce', 'Bockler', 'bbocklerdc@parallels.com', 'Male', '0263 Pond Circle', ''),
(482, 'Krystle', 'Laroux', 'klarouxdd@meetup.com', 'Agender', '1 Holmberg Street', ''),
(483, 'Bertie', 'Pracy', 'bpracyde@weibo.com', 'Female', '9895 Division Alley', ''),
(484, 'Odo', 'Hammerman', 'ohammermandf@ustream.tv', 'Male', '2 Hoffman Trail', ''),
(485, 'Janeczka', 'Thame', 'jthamedg@networkadvertising.org', 'Female', '7310 Becker Road', ''),
(486, 'Naomi', 'Harry', 'nharrydh@geocities.jp', 'Female', '26 Coolidge Terrace', ''),
(487, 'Sibyl', 'Venable', 'svenabledi@newyorker.com', 'Male', '197 Calypso Alley', ''),
(488, 'Milly', 'Cases', 'mcasesdj@ebay.com', 'Female', '43999 Grayhawk Place', '14860-000'),
(489, 'Osbourn', 'Durnford', 'odurnforddk@state.gov', 'Male', '206 Emmet Junction', '812019'),
(490, 'Lynsey', 'Filchagin', 'lfilchagindl@apache.org', 'Female', '6 Magdeline Lane', ''),
(491, 'Weylin', 'Noot', 'wnootdm@studiopress.com', 'Male', '6 Westport Court', ''),
(492, 'Bernice', 'Deyenhardt', 'bdeyenhardtdn@ted.com', 'Female', '006 Spaight Trail', ''),
(493, 'Elwyn', 'Itzhaki', 'eitzhakido@java.com', 'Male', '35 Maple Road', '9607'),
(494, 'Koo', 'Menci', 'kmencidp@bravesites.com', 'Female', '4580 3rd Way', ''),
(495, 'Eli', 'Kilcoyne', 'ekilcoynedq@huffingtonpost.com', 'Male', '61 Gulseth Lane', ''),
(496, 'Jocelyne', 'Kevern', 'jkeverndr@comsenz.com', 'Female', '4 Division Lane', ''),
(497, 'Ber', 'Weyland', 'bweylandds@cafepress.com', 'Genderfluid', '50355 Commercial Street', ''),
(498, 'Bourke', 'Kittiman', 'bkittimandt@yolasite.com', 'Male', '7872 Utah Drive', '181 72'),
(499, 'Melinda', 'Dunkerley', 'mdunkerleydu@paginegialle.it', 'Female', '6395 Anzinger Parkway', ''),
(500, 'Jae', 'Darwen', 'jdarwendv@naver.com', 'Male', '7 Moulton Hill', ''),
(501, 'Constantine', 'Stanmer', 'cstanmerdw@mlb.com', 'Female', '5 Cardinal Terrace', ''),
(502, 'Nikolai', 'Oxbury', 'noxburydx@timesonline.co.uk', 'Male', '9 Service Lane', ''),
(503, 'Serene', 'Dodson', 'sdodsondy@webs.com', 'Female', '96 Ramsey Road', ''),
(504, 'Silvano', 'Schapero', 'sschaperodz@infoseek.co.jp', 'Male', '5 Jenifer Lane', '6360'),
(505, 'Mord', 'Onians', 'monianse0@surveymonkey.com', 'Male', '97631 Mccormick Crossing', ''),
(506, 'Keelia', 'Noury', 'knourye1@artisteer.com', 'Female', '013 Victoria Circle', ''),
(507, 'Gabrila', 'Lilian', 'gliliane2@google.co.uk', 'Female', '9 Hoepker Crossing', '30560'),
(508, 'Yoko', 'Craddy', 'ycraddye3@cpanel.net', 'Female', '0 Bartillon Court', '79934'),
(509, 'Madalyn', 'Garman', 'mgarmane4@ted.com', 'Female', '68819 Donald Junction', '1316'),
(510, 'Theodor', 'Morsom', 'tmorsome5@archive.org', 'Male', '9818 Lerdahl Crossing', ''),
(511, 'Mollee', 'Schwander', 'mschwandere6@examiner.com', 'Female', '64 Eggendart Hill', ''),
(512, 'Sabra', 'Hallitt', 'shallitte7@yahoo.com', 'Female', '723 Del Mar Pass', '7780'),
(513, 'Grace', 'Greiser', 'ggreisere8@blinklist.com', 'Male', '3791 3rd Way', '664 62'),
(514, 'Eustace', 'Jorcke', 'ejorckee9@google.nl', 'Polygender', '67311 Truax Lane', '737 32'),
(515, 'Otis', 'Tommasetti', 'otommasettiea@deliciousdays.com', 'Male', '89000 Utah Crossing', ''),
(516, 'Joey', 'Pettegree', 'jpettegreeeb@wunderground.com', 'Male', '0 Schiller Court', ''),
(517, 'Ber', 'Armand', 'barmandec@cmu.edu', 'Male', '5 Pankratz Avenue', ''),
(518, 'Bride', 'Cadlock', 'bcadlocked@youtube.com', 'Female', '85 Havey Center', ''),
(519, 'Warren', 'Zorener', 'wzoreneree@discovery.com', 'Polygender', '86 Clemons Way', '33150'),
(520, 'Vinnie', 'Fawlks', 'vfawlksef@princeton.edu', 'Male', '55 Clyde Gallagher Pass', ''),
(521, 'Jonathon', 'Coffin', 'jcoffineg@economist.com', 'Male', '83587 Sundown Trail', ''),
(522, 'Leanora', 'Carloni', 'lcarlonieh@merriam-webster.com', 'Female', '7156 Tony Alley', '416471'),
(523, 'Giordano', 'Crehan', 'gcrehanei@addthis.com', 'Male', '87120 Raven Park', ''),
(524, 'Zorina', 'Vahey', 'zvaheyej@icq.com', 'Female', '5 Rieder Crossing', ''),
(525, 'Anett', 'Morena', 'amorenaek@smugmug.com', 'Female', '79371 Manufacturers Drive', '461069'),
(526, 'Cally', 'Melland', 'cmellandel@dot.gov', 'Female', '5 Graceland Trail', ''),
(527, 'Aubrette', 'Hugonnet', 'ahugonnetem@bandcamp.com', 'Female', '83 Northview Park', '8703'),
(528, 'Jena', 'Gallamore', 'jgallamoreen@liveinternet.ru', 'Female', '868 Hauk Park', ''),
(529, 'Mill', 'Petricek', 'mpetricekeo@gov.uk', 'Male', '6454 Twin Pines Road', ''),
(530, 'Jessica', 'Lydiard', 'jlydiardep@illinois.edu', 'Female', '74481 Ridgeview Avenue', ''),
(531, 'Roy', 'Lavall', 'rlavalleq@npr.org', 'Male', '33 Tennessee Circle', '95108'),
(532, 'Royal', 'Critchard', 'rcritcharder@aol.com', 'Polygender', '846 Norway Maple Terrace', ''),
(533, 'Addi', 'Cromblehome', 'acromblehomees@earthlink.net', 'Female', '71655 Myrtle Road', '7745'),
(534, 'Berget', 'Feacham', 'bfeachamet@mediafire.com', 'Female', '45903 Stuart Hill', '2705-137'),
(535, 'Sasha', 'Curnow', 'scurnoweu@gizmodo.com', 'Non-binary', '96 Northwestern Parkway', '5430'),
(536, 'Lelia', 'Branton', 'lbrantonev@boston.com', 'Genderqueer', '60415 Coleman Crossing', '07121'),
(537, 'Rolf', 'Soutar', 'rsoutarew@technorati.com', 'Male', '57 Hooker Trail', ''),
(538, 'Ellynn', 'Rhoades', 'erhoadesex@timesonline.co.uk', 'Genderfluid', '5059 Ruskin Hill', '32-622'),
(539, 'Kassia', 'Rohloff', 'krohloffey@yahoo.co.jp', 'Female', '4842 Donald Court', '38509 CEDEX'),
(540, 'Dorree', 'Lalevee', 'dlaleveeez@shop-pro.jp', 'Female', '5983 Drewry Street', '751 22'),
(541, 'Emmott', 'Laphorn', 'elaphornf0@patch.com', 'Male', '12984 Steensland Way', '4846'),
(542, 'Pattin', 'Wetherby', 'pwetherbyf1@booking.com', 'Male', '36256 Veith Lane', '3300-405'),
(543, 'Francklyn', 'Hussey', 'fhusseyf2@hexun.com', 'Male', '883 Eagle Crest Street', '06306 CEDEX 4'),
(544, 'Lennard', 'Sidebotham', 'lsidebothamf3@usnews.com', 'Agender', '42 Corry Park', ''),
(545, 'Gerhardine', 'Brotherick', 'gbrotherickf4@marketwatch.com', 'Female', '04486 Hudson Junction', ''),
(546, 'Baily', 'Penhallurick', 'bpenhallurickf5@livejournal.com', 'Genderfluid', '522 Harper Park', ''),
(547, 'Tami', 'Jezzard', 'tjezzardf6@wix.com', 'Female', '24 Portage Place', ''),
(548, 'Newton', 'Lawn', 'nlawnf7@businessinsider.com', 'Male', '2814 Jana Center', '10303'),
(549, 'Wiley', 'Cotton', 'wcottonf8@sakura.ne.jp', 'Male', '7874 Novick Alley', ''),
(550, 'Quincy', 'McMonies', 'qmcmoniesf9@sitemeter.com', 'Male', '761 Mockingbird Terrace', '9741'),
(551, 'Norton', 'Brash', 'nbrashfa@biblegateway.com', 'Genderfluid', '6 Becker Pass', '44-120'),
(552, 'Helen', 'Pow', 'hpowfb@wsj.com', 'Female', '482 Del Mar Hill', ''),
(553, 'Paola', 'Doughty', 'pdoughtyfc@army.mil', 'Female', '2794 Westend Trail', '5840'),
(554, 'Roma', 'Mourton', 'rmourtonfd@hc360.com', 'Male', '320 Homewood Court', '14609'),
(555, 'Hadley', 'Waldram', 'hwaldramfe@hibu.com', 'Male', '6803 West Way', '3500'),
(556, 'Dmitri', 'Tuckwell', 'dtuckwellff@admin.ch', 'Male', '16 Buena Vista Center', '');
INSERT INTO `final__customers` (`CustomerId`, `FirstName`, `LastName`, `Email`, `Gender`, `Address`, `Zipcode`) VALUES
(557, 'Karna', 'Scutchings', 'kscutchingsfg@nhs.uk', 'Female', '2 Di Loreto Circle', '2903'),
(558, 'Blane', 'Penritt', 'bpenrittfh@amazon.com', 'Male', '84 Toban Way', '4162'),
(559, 'Jameson', 'Chesshire', 'jchesshirefi@istockphoto.com', 'Male', '97 Arkansas Avenue', '658343'),
(560, 'Carline', 'Thurley', 'cthurleyfj@europa.eu', 'Genderqueer', '3911 Leroy Alley', ''),
(561, 'Wit', 'Weight', 'wweightfk@earthlink.net', 'Male', '2699 Kinsman Trail', ''),
(562, 'Normie', 'Jent', 'njentfl@nature.com', 'Male', '658 Onsgard Alley', '169 05'),
(563, 'Marybelle', 'McHaffy', 'mmchaffyfm@pinterest.com', 'Female', '66349 Glacier Hill Junction', ''),
(564, 'Artus', 'Grimolbie', 'agrimolbiefn@booking.com', 'Male', '90706 Hanover Plaza', '385798'),
(565, 'Carleen', 'Gildea', 'cgildeafo@live.com', 'Female', '1319 Tennyson Point', ''),
(566, 'Devy', 'Stubbs', 'dstubbsfp@xinhuanet.com', 'Male', '58168 Mccormick Parkway', ''),
(567, 'Anabel', 'Grassi', 'agrassifq@imdb.com', 'Female', '5 Mockingbird Place', 'L-5445'),
(568, 'Brandon', 'Bindin', 'bbindinfr@marketwatch.com', 'Male', '7 Meadow Valley Way', ''),
(569, 'Iorgo', 'Skaife', 'iskaifefs@mysql.com', 'Male', '7 Calypso Plaza', ''),
(570, 'Abran', 'Spellworth', 'aspellworthft@printfriendly.com', 'Male', '0698 Bluejay Parkway', ''),
(571, 'Chaddy', 'Seamarke', 'cseamarkefu@bigcartel.com', 'Male', '466 Manley Junction', '33050 CEDEX'),
(572, 'Madge', 'Keaveny', 'mkeavenyfv@livejournal.com', 'Female', '45 Pine View Center', ''),
(573, 'Karyn', 'Gerkens', 'kgerkensfw@opensource.org', 'Female', '65 Ridgeview Parkway', ''),
(574, 'Candy', 'Tidcombe', 'ctidcombefx@odnoklassniki.ru', 'Female', '8 American Park', '2705'),
(575, 'Elston', 'Haburne', 'ehaburnefy@yandex.ru', 'Male', '08 Dixon Terrace', ''),
(576, 'Maximo', 'Collie', 'mcolliefz@51.la', 'Male', '4151 Northview Hill', '01059'),
(577, 'Efrem', 'Pierro', 'epierrog0@ameblo.jp', 'Male', '1507 Scoville Terrace', '48-120'),
(578, 'Viki', 'Brabyn', 'vbrabyng1@blinklist.com', 'Female', '11124 Talmadge Point', 'J1X'),
(579, 'Dorine', 'Karet', 'dkaretg2@purevolume.com', 'Female', '4173 Esch Lane', ''),
(580, 'Emelen', 'Bruniges', 'ebrunigesg3@bbc.co.uk', 'Male', '8 Mccormick Park', ''),
(581, 'Rae', 'Radage', 'rradageg4@oakley.com', 'Female', '8 6th Pass', '40054'),
(582, 'Sofia', 'Rayhill', 'srayhillg5@guardian.co.uk', 'Agender', '5 Towne Plaza', ''),
(583, 'Dedie', 'Rawlcliffe', 'drawlcliffeg6@nyu.edu', 'Female', '3 Nancy Circle', '20960'),
(584, 'Faith', 'Mcimmie', 'fmcimmieg7@auda.org.au', 'Genderqueer', '7546 Kennedy Pass', '60647 CEDEX'),
(585, 'Selena', 'Sinkins', 'ssinkinsg8@nature.com', 'Female', '45 Raven Road', '56500-000'),
(586, 'Sayer', 'Fritzer', 'sfritzerg9@ocn.ne.jp', 'Male', '47781 Division Hill', ''),
(587, 'Angele', 'Scammonden', 'ascammondenga@dropbox.com', 'Female', '58 Sycamore Terrace', ''),
(588, 'Nana', 'Glanert', 'nglanertgb@unc.edu', 'Genderqueer', '640 3rd Park', ''),
(589, 'Milka', 'Gale', 'mgalegc@tinyurl.com', 'Female', '724 Derek Road', '35600-000'),
(590, 'Lesli', 'Carlet', 'lcarletgd@washingtonpost.com', 'Female', '911 Holmberg Center', ''),
(591, 'Faun', 'Eriksson', 'ferikssonge@nifty.com', 'Female', '1 Melody Alley', '672-8090'),
(592, 'Hansiain', 'Ryan', 'hryangf@guardian.co.uk', 'Male', '65 Scott Parkway', ''),
(593, 'Maxwell', 'Leithgoe', 'mleithgoegg@harvard.edu', 'Male', '45 Kings Avenue', '1266'),
(594, 'Chanda', 'St Clair', 'cstclairgh@imgur.com', 'Female', '06 Memorial Drive', ''),
(595, 'Tiebold', 'Kobel', 'tkobelgi@macromedia.com', 'Male', '1 Cardinal Road', ''),
(596, 'Grady', 'Relton', 'greltongj@godaddy.com', 'Male', '95215 Spohn Point', 'E8L'),
(597, 'Stephan', 'Rochford', 'srochfordgk@cnn.com', 'Male', '3 Sage Terrace', ''),
(598, 'Chev', 'Stut', 'cstutgl@sohu.com', 'Polygender', '1792 Norway Maple Way', '39120'),
(599, 'Vance', 'Doles', 'vdolesgm@dot.gov', 'Male', '7247 Clyde Gallagher Lane', ''),
(600, 'Tabbie', 'Aylott', 'taylottgn@sciencedaily.com', 'Male', '9 Basil Crossing', '41201'),
(601, 'Leta', 'Stickells', 'lstickellsgo@bbb.org', 'Female', '88108 Oriole Parkway', ''),
(602, 'Windy', 'Angeli', 'wangeligp@cloudflare.com', 'Female', '7 Pierstorff Plaza', ''),
(603, 'Vinson', 'Francescone', 'vfrancesconegq@ihg.com', 'Male', '06 Manitowish Avenue', ''),
(604, 'Benjie', 'MacIlwrick', 'bmacilwrickgr@godaddy.com', 'Male', '51216 International Hill', ''),
(605, 'Anatola', 'Petrenko', 'apetrenkogs@eventbrite.com', 'Female', '8236 Elmside Lane', '414-0055'),
(606, 'Fabe', 'Kose', 'fkosegt@smugmug.com', 'Male', '93 Moland Drive', ''),
(607, 'Lilias', 'Wooton', 'lwootongu@walmart.com', 'Female', '7962 Portage Park', ''),
(608, 'Tremayne', 'Frazier', 'tfraziergv@nps.gov', 'Male', '8540 Arrowood Crossing', ''),
(609, 'Florinda', 'Merkle', 'fmerklegw@github.com', 'Female', '7873 Little Fleur Pass', ''),
(610, 'Beverlee', 'Restall', 'brestallgx@ifeng.com', 'Female', '616 Northview Hill', ''),
(611, 'Rosa', 'Tindall', 'rtindallgy@jimdo.com', 'Female', '05 Mayfield Parkway', ''),
(612, 'Livvyy', 'Weller', 'lwellergz@photobucket.com', 'Female', '1 Starling Place', ''),
(613, 'Allianora', 'Confort', 'aconforth0@upenn.edu', 'Female', '10 Sycamore Center', '33314 CEDEX'),
(614, 'Noach', 'Arlet', 'narleth1@prlog.org', 'Male', '4257 La Follette Way', ''),
(615, 'Katharina', 'Egarr', 'kegarrh2@springer.com', 'Female', '0888 Michigan Pass', ''),
(616, 'Jarib', 'Bearfoot', 'jbearfooth3@jugem.jp', 'Male', '96991 Morningstar Circle', '257 08'),
(617, 'Tatiania', 'Ateridge', 'tateridgeh4@nsw.gov.au', 'Female', '3 Esch Lane', '96470-000'),
(618, 'Hastings', 'Stutt', 'hstutth5@sitemeter.com', 'Male', '59287 Lighthouse Bay Place', ''),
(619, 'Oren', 'Lowndsbrough', 'olowndsbroughh6@woothemes.com', 'Male', '0 Troy Court', ''),
(620, 'Glad', 'Sone', 'gsoneh7@marriott.com', 'Female', '5381 Charing Cross Court', '2806'),
(621, 'Tobe', 'Points', 'tpointsh8@cloudflare.com', 'Male', '962 Crownhardt Terrace', ''),
(622, 'Alidia', 'Palmer', 'apalmerh9@prlog.org', 'Female', '468 Superior Alley', '63-820'),
(623, 'Marrissa', 'Velden', 'mveldenha@soundcloud.com', 'Female', '55 Center Center', '789-0250'),
(624, 'Raffarty', 'Grimditch', 'rgrimditchhb@yahoo.co.jp', 'Male', '95800 Hanover Parkway', '146 40'),
(625, 'Udell', 'Shorten', 'ushortenhc@loc.gov', 'Male', '1 Grim Trail', ''),
(626, 'Hinda', 'Blackster', 'hblacksterhd@businessweek.com', 'Female', '65643 Warner Street', '687509'),
(627, 'Lyndsay', 'Fysh', 'lfyshhe@ucoz.ru', 'Female', '87566 Stone Corner Place', ''),
(628, 'Ardine', 'Jenno', 'ajennohf@stanford.edu', 'Female', '79043 Harper Hill', '51601'),
(629, 'Gan', 'Curthoys', 'gcurthoyshg@so-net.ne.jp', 'Male', '552 Arkansas Circle', ''),
(630, 'Boot', 'Pizer', 'bpizerhh@ifeng.com', 'Male', '709 Stoughton Lane', '5870'),
(631, 'Bogey', 'Aubri', 'baubrihi@dagondesign.com', 'Male', '17806 Continental Street', ''),
(632, 'Joscelin', 'Ramberg', 'jramberghj@hibu.com', 'Polygender', '604 Sundown Lane', ''),
(633, 'Craggy', 'Bonn', 'cbonnhk@alexa.com', 'Male', '7 Springview Pass', '80042 CEDEX 1'),
(634, 'Nydia', 'Dunan', 'ndunanhl@cnet.com', 'Female', '98353 Shopko Hill', '66-635'),
(635, 'Jermaine', 'Severy', 'jseveryhm@icio.us', 'Female', '831 Bultman Street', '687 37'),
(636, 'Bennie', 'Wyrall', 'bwyrallhn@wordpress.com', 'Female', '991 Hooker Terrace', ''),
(637, 'Virgina', 'Sevitt', 'vsevittho@cbslocal.com', 'Female', '139 Dovetail Crossing', '96-232'),
(638, 'Brinn', 'Royans', 'broyanshp@ning.com', 'Female', '3 Prairieview Park', '3019'),
(639, 'Foss', 'Gregorio', 'fgregoriohq@cargocollective.com', 'Agender', '9 Autumn Leaf Terrace', ''),
(640, 'Nealon', 'Dearden', 'ndeardenhr@mtv.com', 'Male', '200 Truax Plaza', ''),
(641, 'Neala', 'Mallaby', 'nmallabyhs@cocolog-nifty.com', 'Female', '086 4th Hill', ''),
(642, 'Minny', 'Chastand', 'mchastandht@bandcamp.com', 'Female', '088 Corscot Plaza', '4730-510'),
(643, 'Zena', 'Whylie', 'zwhyliehu@gmpg.org', 'Agender', '69 Iowa Road', '75110'),
(644, 'Torin', 'Dunseith', 'tdunseithhv@tmall.com', 'Male', '29950 Duke Avenue', ''),
(645, 'Morton', 'Albury', 'malburyhw@dion.ne.jp', 'Male', '18 Forest Dale Parkway', '88140-000'),
(646, 'Fiona', 'Sparshett', 'fsparshetthx@discovery.com', 'Female', '82 Sauthoff Crossing', ''),
(647, 'Celestyna', 'Cheal', 'cchealhy@europa.eu', 'Female', '72346 Prairie Rose Circle', '6806'),
(648, 'Whit', 'Grene', 'wgrenehz@dagondesign.com', 'Male', '986 Holy Cross Point', '5815'),
(649, 'Kevan', 'Bedward', 'kbedwardi0@mapy.cz', 'Male', '816 Garrison Park', '33615'),
(650, 'Davin', 'Schofield', 'dschofieldi1@plala.or.jp', 'Male', '2 Northport Street', ''),
(651, 'Rance', 'Calbreath', 'rcalbreathi2@pinterest.com', 'Male', '14 2nd Place', ''),
(652, 'Biron', 'Elnor', 'belnori3@free.fr', 'Male', '29 Sunnyside Drive', '294 21'),
(653, 'Cart', 'Dresche', 'cdreschei4@networkadvertising.org', 'Male', '3 Quincy Court', '92665 CEDEX'),
(654, 'Shawna', 'Godfree', 'sgodfreei5@bloglovin.com', 'Female', '824 Gulseth Parkway', ''),
(655, 'Arturo', 'Gass', 'agassi6@delicious.com', 'Male', '607 Milwaukee Alley', '880-2215'),
(656, 'Salvatore', 'Pieracci', 'spieraccii7@issuu.com', 'Male', '8 Center Parkway', '739 12'),
(657, 'Stanislas', 'Reary', 'srearyi8@tripod.com', 'Male', '80 Wayridge Trail', '25290'),
(658, 'Philipa', 'Twitchett', 'ptwitchetti9@cdbaby.com', 'Genderfluid', '9812 Crownhardt Lane', 'L-8273'),
(659, 'Chickie', 'Grishunin', 'cgrishuninia@hao123.com', 'Male', '9237 Troy Terrace', ''),
(660, 'Palm', 'Welburn', 'pwelburnib@hatena.ne.jp', 'Male', '86 Vera Circle', '394075'),
(661, 'Maris', 'Deeble', 'mdeebleic@e-recht24.de', 'Female', '645 Northland Court', '40745'),
(662, 'Carina', 'Camp', 'ccampid@vistaprint.com', 'Female', '067 Moland Hill', ''),
(663, 'Hobart', 'Flohard', 'hflohardie@ucsd.edu', 'Male', '4142 Warrior Way', ''),
(664, 'Court', 'Arrowsmith', 'carrowsmithif@booking.com', 'Male', '513 Service Plaza', ''),
(665, 'Rafael', 'Crees', 'rcreesig@bravesites.com', 'Male', '3 Becker Crossing', ''),
(666, 'Annabela', 'Higgonet', 'ahiggonetih@ihg.com', 'Female', '31 Weeping Birch Place', ''),
(667, 'Tamarra', 'Chesworth', 'tchesworthii@amazon.de', 'Female', '0 Pennsylvania Road', ''),
(668, 'Regan', 'Pires', 'rpiresij@constantcontact.com', 'Male', '068 Warrior Plaza', '4620-031'),
(669, 'Tori', 'Blow', 'tblowik@plala.or.jp', 'Female', '99665 Merchant Circle', ''),
(670, 'Worth', 'Brigstock', 'wbrigstockil@vimeo.com', 'Male', '74 Riverside Avenue', '7200-505'),
(671, 'Syman', 'Berardt', 'sberardtim@netlog.com', 'Male', '35 Bultman Street', '175038'),
(672, 'Charlene', 'Eykel', 'ceykelin@craigslist.org', 'Female', '9 Golf Parkway', '60000'),
(673, 'Janean', 'Kopp', 'jkoppio@qq.com', 'Female', '68083 Heath Way', '05672'),
(674, 'Rochella', 'Newvell', 'rnewvellip@imgur.com', 'Female', '091 Tennyson Trail', '307754'),
(675, 'Britt', 'Lapree', 'blapreeiq@ezinearticles.com', 'Female', '054 Spaight Junction', 'J6E'),
(676, 'Elset', 'Thebeau', 'ethebeauir@gizmodo.com', 'Female', '738 Messerschmidt Alley', ''),
(677, 'Miof mela', 'Borne', 'mborneis@freewebs.com', 'Female', '54144 Dawn Court', ''),
(678, 'Catlin', 'Bellord', 'cbellordit@reddit.com', 'Female', '7919 Scofield Junction', ''),
(679, 'Gaby', 'Keoghan', 'gkeoghaniu@miibeian.gov.cn', 'Female', '6 Bluestem Court', '549 01'),
(680, 'Claribel', 'Solon', 'csoloniv@gravatar.com', 'Female', '0416 Blue Bill Park Plaza', '4715-529'),
(681, 'Ibbie', 'Osan', 'iosaniw@cornell.edu', 'Female', '61 Texas Point', ''),
(682, 'Petronille', 'Bratchell', 'pbratchellix@noaa.gov', 'Female', '382 Del Mar Trail', ''),
(683, 'Mario', 'Crosdill', 'mcrosdilliy@engadget.com', 'Male', '09087 Namekagon Pass', ''),
(684, 'Barry', 'Broggio', 'bbroggioiz@exblog.jp', 'Female', '5 Everett Point', ''),
(685, 'Abdul', 'Meininger', 'ameiningerj0@hatena.ne.jp', 'Male', '5 Upham Point', '64-150'),
(686, 'Gar', 'Redman', 'gredmanj1@1688.com', 'Male', '341 Northview Hill', ''),
(687, 'Christoper', 'Kornyshev', 'ckornyshevj2@nbcnews.com', 'Male', '338 Shasta Circle', ''),
(688, 'Athene', 'Adan', 'aadanj3@rambler.ru', 'Female', '0079 Grasskamp Trail', ''),
(689, 'Harwell', 'Moine', 'hmoinej4@nba.com', 'Male', '60182 Maple Way', '30104 CEDEX'),
(690, 'Ron', 'Gant', 'rgantj5@google.cn', 'Male', '81 Calypso Trail', '606135'),
(691, 'Corabelle', 'Thor', 'cthorj6@blogger.com', 'Female', '6 Vidon Drive', ''),
(692, 'Bernita', 'Rought', 'broughtj7@google.com.br', 'Female', '2994 Atwood Parkway', '606771'),
(693, 'Shannon', 'Kingescot', 'skingescotj8@dion.ne.jp', 'Female', '5123 Oriole Park', ''),
(694, 'Melanie', 'Budgey', 'mbudgeyj9@imgur.com', 'Female', '4686 Fairview Plaza', ''),
(695, 'Barbette', 'Swede', 'bswedeja@netscape.com', 'Female', '4 Scott Lane', ''),
(696, 'Jeanne', 'Twycross', 'jtwycrossjb@baidu.com', 'Female', '18665 Pine View Place', '647341'),
(697, 'Wallie', 'Arndt', 'warndtjc@tripod.com', 'Female', '8 Comanche Circle', ''),
(698, 'Stafford', 'Quarrington', 'squarringtonjd@newsvine.com', 'Male', '785 Karstens Point', '48126'),
(699, 'Kaspar', 'Franca', 'kfrancaje@cdbaby.com', 'Bigender', '91 Nobel Terrace', '6090-014'),
(700, 'Blaire', 'Beynon', 'bbeynonjf@taobao.com', 'Female', '1658 Dahle Court', ''),
(701, 'Sibbie', 'Mantz', 'smantzjg@youku.com', 'Female', '2015 Holy Cross Hill', ''),
(702, 'Carree', 'Smillie', 'csmilliejh@mozilla.org', 'Female', '3237 Fuller Way', '10607'),
(703, 'Hannah', 'Marnane', 'hmarnaneji@reddit.com', 'Female', '362 Hudson Terrace', ''),
(704, 'Alistair', 'Torres', 'atorresjj@opensource.org', 'Male', '6591 Elgar Circle', ''),
(705, 'Olva', 'Saylor', 'osaylorjk@xing.com', 'Female', '106 Tony Court', ''),
(706, 'Jasper', 'Legat', 'jlegatjl@chron.com', 'Male', '56339 Annamark Drive', '373 11'),
(707, 'Aeriel', 'Rowling', 'arowlingjm@livejournal.com', 'Female', '1 Petterle Parkway', ''),
(708, 'Marcellus', 'Desorts', 'mdesortsjn@unblog.fr', 'Male', '376 Merchant Junction', ''),
(709, 'Eddy', 'Raddenbury', 'eraddenburyjo@booking.com', 'Female', '22 Oak Crossing', ''),
(710, 'Olia', 'Emanulsson', 'oemanulssonjp@dailymotion.com', 'Female', '492 Hagan Place', ''),
(711, 'Nikos', 'Fellows', 'nfellowsjq@illinois.edu', 'Male', '16 Daystar Street', '59071'),
(712, 'Hamel', 'Kniveton', 'hknivetonjr@bbc.co.uk', 'Polygender', '053 Lien Place', ''),
(713, 'Shel', 'Petegree', 'spetegreejs@163.com', 'Female', '3658 Havey Way', ''),
(714, 'Livvy', 'Janda', 'ljandajt@reference.com', 'Female', '2 Schiller Hill', '11005'),
(715, 'Bobbie', 'Ribchester', 'bribchesterju@about.me', 'Male', '16509 6th Avenue', ''),
(716, 'Talbert', 'Breukelman', 'tbreukelmanjv@ted.com', 'Male', '0 Badeau Trail', '19500-000'),
(717, 'Gaye', 'Crepin', 'gcrepinjw@so-net.ne.jp', 'Female', '700 Eagan Terrace', ''),
(718, 'Amelia', 'Hainsworth', 'ahainsworthjx@angelfire.com', 'Female', '8836 Brentwood Park', ''),
(719, 'Brien', 'Penton', 'bpentonjy@sbwire.com', 'Polygender', '3881 Sage Center', ''),
(720, 'Tallie', 'Trimble', 'ttrimblejz@slideshare.net', 'Female', '10069 Warbler Crossing', '907 04'),
(721, 'Ingaborg', 'Huckabe', 'ihuckabek0@bing.com', 'Female', '70 Sage Center', ''),
(722, 'Fredrick', 'Frear', 'ffreark1@purevolume.com', 'Male', '600 Messerschmidt Point', '3111'),
(723, 'Si', 'Drees', 'sdreesk2@networkadvertising.org', 'Male', '67628 Hayes Center', ''),
(724, 'Evelyn', 'Dorken', 'edorkenk3@harvard.edu', 'Female', '14762 Green Ridge Road', ''),
(725, 'Hewitt', 'Dorn', 'hdornk4@symantec.com', 'Bigender', '53 Kipling Trail', '17-120'),
(726, 'Aurelie', 'Riping', 'aripingk5@cmu.edu', 'Female', '78 Manitowish Park', '54130'),
(727, 'Camey', 'Jiggen', 'cjiggenk6@google.pl', 'Male', '90 Dakota Way', '13444 CEDEX 06'),
(728, 'Jo-anne', 'Sedworth', 'jsedworthk7@artisteer.com', 'Female', '0 Hansons Plaza', '403 40'),
(729, 'Lucius', 'Keyson', 'lkeysonk8@youtu.be', 'Male', '40 Brown Trail', ''),
(730, 'Candie', 'Ouver', 'couverk9@stanford.edu', 'Female', '9181 Dayton Hill', ''),
(731, 'Cathy', 'Stollsteiner', 'cstollsteinerka@seattletimes.com', 'Female', '9613 Orin Road', ''),
(732, 'Herbert', 'Goalley', 'hgoalleykb@booking.com', 'Male', '691 Twin Pines Crossing', ''),
(733, 'Anne', 'Kubis', 'akubiskc@cbsnews.com', 'Female', '30411 Calypso Lane', ''),
(734, 'Al', 'Berk', 'aberkkd@friendfeed.com', 'Male', '1874 Birchwood Lane', ''),
(735, 'Kory', 'Bigly', 'kbiglyke@cornell.edu', 'Male', '77 Hovde Center', '366319'),
(736, 'Sari', 'Lerway', 'slerwaykf@harvard.edu', 'Female', '19 Mayer Way', '981-4121'),
(737, 'Paddie', 'Danis', 'pdaniskg@pen.io', 'Male', '029 Lawn Drive', ''),
(738, 'Annecorinne', 'Ingham', 'ainghamkh@utexas.edu', 'Female', '9688 Scofield Hill', ''),
(739, 'Olivier', 'Pandey', 'opandeyki@barnesandnoble.com', 'Male', '16 Gerald Plaza', ''),
(740, 'Clarice', 'Warcop', 'cwarcopkj@barnesandnoble.com', 'Female', '46404 Washington Way', ''),
(741, 'Alaine', 'Heinel', 'aheinelkk@mail.ru', 'Polygender', '60833 Burrows Street', ''),
(742, 'Kaitlynn', 'Longworth', 'klongworthkl@washingtonpost.com', 'Female', '610 Mandrake Lane', '71201'),
(743, 'Raven', 'Lemasney', 'rlemasneykm@tinypic.com', 'Female', '3504 Linden Street', ''),
(744, 'Kerrie', 'McCotter', 'kmccotterkn@amazon.co.jp', 'Female', '3 Loftsgordon Point', '89120-000'),
(745, 'Darline', 'Kirkpatrick', 'dkirkpatrickko@abc.net.au', 'Female', '45 Anthes Crossing', '368959'),
(746, 'Wolfgang', 'Del Checolo', 'wdelchecolokp@spiegel.de', 'Male', '72071 Spaight Drive', ''),
(747, 'Samuel', 'Di Filippo', 'sdifilippokq@skyrock.com', 'Male', '53 Oak Place', ''),
(748, 'Crin', 'Goodman', 'cgoodmankr@eepurl.com', 'Female', '4256 Hoepker Trail', ''),
(749, 'Pattie', 'Husthwaite', 'phusthwaiteks@vistaprint.com', 'Bigender', '9313 Sachtjen Plaza', ''),
(750, 'Bent', 'Scherme', 'bschermekt@virginia.edu', 'Male', '83 Memorial Lane', ''),
(751, 'Asher', 'Coneau', 'aconeauku@forbes.com', 'Male', '0474 Walton Way', '67039 CEDEX 2'),
(752, 'Cissy', 'Elrick', 'celrickkv@discuz.net', 'Female', '24 Pepper Wood Place', ''),
(753, 'Milty', 'Nassy', 'mnassykw@seesaa.net', 'Male', '4405 Mcguire Road', ''),
(754, 'Belia', 'Hexum', 'bhexumkx@tinyurl.com', 'Female', '273 Sutherland Center', ''),
(755, 'Lemmie', 'Cramp', 'lcrampky@illinois.edu', 'Male', '001 Oakridge Point', '2519'),
(756, 'King', 'Cocklin', 'kcocklinkz@zdnet.com', 'Male', '8117 Graceland Plaza', '11558'),
(757, 'Irvin', 'Lyokhin', 'ilyokhinl0@jigsy.com', 'Male', '692 Memorial Lane', '36200'),
(758, 'Roshelle', 'Mitcham', 'rmitchaml1@discovery.com', 'Female', '2717 Independence Trail', '4650-454'),
(759, 'Quincey', 'Smitham', 'qsmithaml2@earthlink.net', 'Male', '59 Cascade Plaza', ''),
(760, 'Delinda', 'Wilsee', 'dwilseel3@gizmodo.com', 'Female', '6 Arrowood Drive', ''),
(761, 'Bliss', 'Tipperton', 'btippertonl4@quantcast.com', 'Female', '5 Sloan Street', '5223'),
(762, 'Gail', 'Starkings', 'gstarkingsl5@feedburner.com', 'Male', '30 Pepper Wood Pass', '187789'),
(763, 'Taryn', 'Daouse', 'tdaousel6@pen.io', 'Female', '73935 Westport Point', '3505'),
(764, 'Evita', 'Boldry', 'eboldryl7@clickbank.net', 'Female', '4608 Del Sol Court', ''),
(765, 'Inger', 'Anten', 'iantenl8@mozilla.com', 'Female', '408 Erie Avenue', ''),
(766, 'Erina', 'Moseley', 'emoseleyl9@who.int', 'Female', '519 Stang Park', ''),
(767, 'Christie', 'Curneen', 'ccurneenla@ca.gov', 'Male', '1286 Lerdahl Hill', ''),
(768, 'Kiri', 'Yurukhin', 'kyurukhinlb@mashable.com', 'Female', '830 La Follette Way', '56944'),
(769, 'Rollin', 'Mawtus', 'rmawtuslc@mlb.com', 'Male', '11157 Mcguire Place', '4690-588'),
(770, 'Bridgette', 'Mealand', 'bmealandld@yahoo.co.jp', 'Female', '68 Leroy Pass', '216740'),
(771, 'Mollie', 'Frodsham', 'mfrodshamle@goodreads.com', 'Female', '7622 Forest Dale Lane', ''),
(772, 'Tabb', 'Frisch', 'tfrischlf@soundcloud.com', 'Male', '02940 Buell Junction', '6505'),
(773, 'Gaby', 'Kindread', 'gkindreadlg@bluehost.com', 'Female', '6 Sauthoff Drive', ''),
(774, 'Nixie', 'Boothby', 'nboothbylh@slate.com', 'Agender', '08512 Tennyson Place', ''),
(775, 'Roseanne', 'O\'Neal', 'ronealli@icio.us', 'Female', '0065 Washington Court', '2302'),
(776, 'Rubie', 'Follitt', 'rfollittlj@ebay.co.uk', 'Female', '95 Lukken Road', ''),
(777, 'Aldrich', 'Quarless', 'aquarlesslk@wsj.com', 'Male', '27232 Lighthouse Bay Alley', '60647 CEDEX'),
(778, 'Rosaline', 'Astman', 'rastmanll@indiegogo.com', 'Female', '0324 Dryden Alley', ''),
(779, 'Constantino', 'Glaisner', 'cglaisnerlm@toplist.cz', 'Male', '8311 Green Ridge Alley', '5206'),
(780, 'Rhodie', 'Buckley', 'rbuckleyln@odnoklassniki.ru', 'Female', '8256 Straubel Road', ''),
(781, 'Celesta', 'Ive', 'civelo@plala.or.jp', 'Female', '626 Sommers Trail', '3070-125'),
(782, 'Christine', 'Durtnal', 'cdurtnallp@weather.com', 'Female', '00481 Melby Place', ''),
(783, 'Jessalyn', 'Elstub', 'jelstublq@aol.com', 'Female', '81 Alpine Parkway', ''),
(784, 'Donelle', 'Meneyer', 'dmeneyerlr@artisteer.com', 'Female', '3 Manufacturers Center', '40330'),
(785, 'Essie', 'Geke', 'egekels@pen.io', 'Non-binary', '01653 Hallows Park', ''),
(786, 'Marla', 'May', 'mmaylt@disqus.com', 'Female', '27 Fairview Circle', '84180'),
(787, 'Susanne', 'Landeaux', 'slandeauxlu@tinyurl.com', 'Polygender', '32722 Mockingbird Pass', ''),
(788, 'Merilyn', 'Choudhury', 'mchoudhurylv@networksolutions.com', 'Polygender', '0 Trailsway Center', '363704'),
(789, 'Gilemette', 'Fluin', 'gfluinlw@multiply.com', 'Female', '881 Hintze Court', '48130'),
(790, 'Rheta', 'Danielou', 'rdanieloulx@whitehouse.gov', 'Female', '81654 Canary Road', ''),
(791, 'Ellery', 'Vizor', 'evizorly@mail.ru', 'Male', '151 Blaine Drive', '3201'),
(792, 'Elisha', 'Ayrton', 'eayrtonlz@economist.com', 'Male', '242 2nd Park', '20404'),
(793, 'Donia', 'Haselhurst', 'dhaselhurstm0@chicagotribune.com', 'Female', '65386 Superior Way', ''),
(794, 'Brooks', 'Molineux', 'bmolineuxm1@statcounter.com', 'Bigender', '34 American Lane', ''),
(795, 'Amity', 'Zupa', 'azupam2@mediafire.com', 'Female', '36 Truax Place', ''),
(796, 'Wanda', 'Gandrich', 'wgandrichm3@yahoo.co.jp', 'Female', '23777 Drewry Way', '49309 CEDEX'),
(797, 'Othilie', 'Fowden', 'ofowdenm4@ibm.com', 'Female', '39 Fuller Pass', ''),
(798, 'Nell', 'Beswick', 'nbeswickm5@free.fr', 'Female', '4 Claremont Pass', ''),
(799, 'Nero', 'Gollard', 'ngollardm6@usa.gov', 'Male', '4061 Hollow Ridge Center', ''),
(800, 'Veriee', 'LeEstut', 'vleestutm7@wsj.com', 'Female', '3 Briar Crest Road', 'KW10'),
(801, 'Goober', 'Lukovic', 'glukovicm8@163.com', 'Polygender', '284 1st Court', ''),
(802, 'Inglebert', 'Salvatore', 'isalvatorem9@cbc.ca', 'Male', '43587 2nd Junction', '242 30'),
(803, 'Barton', 'De Caville', 'bdecavillema@google.pl', 'Male', '71 Forest Dale Lane', '12071'),
(804, 'Christie', 'Late', 'clatemb@alibaba.com', 'Agender', '3 South Point', '46791'),
(805, 'Maggy', 'Vedeniktov', 'mvedeniktovmc@blogs.com', 'Female', '375 Armistice Drive', ''),
(806, 'Mae', 'Woolatt', 'mwoolattmd@craigslist.org', 'Female', '81 Bunting Way', '188478'),
(807, 'Tomi', 'McGooch', 'tmcgoochme@prnewswire.com', 'Female', '515 Grasskamp Court', '34-371'),
(808, 'Trstram', 'Ullyott', 'tullyottmf@loc.gov', 'Male', '981 Browning Drive', '477058'),
(809, 'Jackelyn', 'Sievewright', 'jsievewrightmg@scribd.com', 'Female', '3908 Nobel Hill', '50700'),
(810, 'Leeanne', 'Brouard', 'lbrouardmh@wikimedia.org', 'Female', '80 Dennis Parkway', '58-564'),
(811, 'Oran', 'Orto', 'oortomi@scribd.com', 'Agender', '4739 Eggendart Street', '2100'),
(812, 'Dar', 'Newcome', 'dnewcomemj@addtoany.com', 'Male', '407 Fair Oaks Park', '89107-000'),
(813, 'Bennie', 'Bortolozzi', 'bbortolozzimk@salon.com', 'Non-binary', '8 Laurel Point', '369-1201'),
(814, 'Allix', 'Czaja', 'aczajaml@ebay.com', 'Female', '67 Lillian Terrace', '3605'),
(815, 'Brnaby', 'Harpham', 'bharphammm@nps.gov', 'Male', '53296 Dixon Crossing', '2111'),
(816, 'Ches', 'Steptowe', 'csteptowemn@mysql.com', 'Male', '18 Farwell Pass', ''),
(817, 'Denna', 'Safe', 'dsafemo@nytimes.com', 'Female', '3072 Hooker Terrace', '63300-000'),
(818, 'Joaquin', 'Lampke', 'jlampkemp@ezinearticles.com', 'Male', '2467 Dakota Plaza', ''),
(819, 'Meade', 'Martinson', 'mmartinsonmq@java.com', 'Female', '92402 Shopko Way', '4905-014'),
(820, 'Trace', 'Tonge', 'ttongemr@so-net.ne.jp', 'Male', '0 Prentice Hill', '2070-305'),
(821, 'Haleigh', 'Kobierra', 'hkobierrams@ocn.ne.jp', 'Male', '75207 Bonner Road', ''),
(822, 'Jillie', 'Canada', 'jcanadamt@theguardian.com', 'Female', '1 Summit Trail', ''),
(823, 'Aprilette', 'Kaas', 'akaasmu@alibaba.com', 'Female', '87931 Calypso Circle', '2800'),
(824, 'Kippy', 'Dummigan', 'kdummiganmv@xinhuanet.com', 'Female', '38 Dorton Park', ''),
(825, 'Maritsa', 'Andric', 'mandricmw@gmpg.org', 'Female', '19485 Del Sol Junction', ''),
(826, 'Raimundo', 'Garbott', 'rgarbottmx@hexun.com', 'Male', '1 Wayridge Drive', ''),
(827, 'Natalina', 'Tunsley', 'ntunsleymy@newyorker.com', 'Female', '56 Forest Center', '4620-400'),
(828, 'Inger', 'Fasham', 'ifashammz@hp.com', 'Male', '7 Saint Paul Court', '2865-493'),
(829, 'Sayers', 'Olekhov', 'solekhovn0@fotki.com', 'Genderfluid', '575 Lien Hill', '09123'),
(830, 'Dasya', 'Staniforth', 'dstaniforthn1@amazon.com', 'Female', '8688 Ridge Oak Hill', ''),
(831, 'Niven', 'Ivanyushin', 'nivanyushinn2@domainmarket.com', 'Male', '09 Barby Crossing', '18010'),
(832, 'Katrina', 'Seeger', 'kseegern3@ebay.com', 'Agender', '85 Elgar Drive', ''),
(833, 'Lucias', 'Butting', 'lbuttingn4@newyorker.com', 'Male', '252 Grim Avenue', ''),
(834, 'Constantine', 'Picheford', 'cpichefordn5@google.co.uk', 'Female', '197 Lien Parkway', ''),
(835, 'Cicily', 'Lismore', 'clismoren6@gizmodo.com', 'Female', '87453 Lindbergh Drive', '66-225'),
(836, 'Filmore', 'Baseggio', 'fbaseggion7@webeden.co.uk', 'Male', '721 Magdeline Road', ''),
(837, 'Rafi', 'Paolo', 'rpaolon8@cdc.gov', 'Male', '22 Doe Crossing Way', '84-242'),
(838, 'Anna-diana', 'Drewes', 'adrewesn9@slashdot.org', 'Female', '72 Kenwood Point', ''),
(839, 'Pepe', 'Shawel', 'pshawelna@edublogs.org', 'Male', '56907 Mcguire Lane', ''),
(840, 'Kiri', 'Paffett', 'kpaffettnb@mayoclinic.com', 'Bigender', '766 Barby Trail', ''),
(841, 'Tobiah', 'Vasin', 'tvasinnc@google.com.au', 'Male', '95422 Springview Terrace', '1109'),
(842, 'Lyda', 'Molian', 'lmoliannd@bluehost.com', 'Female', '0 Randy Terrace', ''),
(843, 'Violette', 'Scargill', 'vscargillne@ow.ly', 'Genderqueer', '990 Eagan Street', ''),
(844, 'Florian', 'Rowberry', 'frowberrynf@constantcontact.com', 'Polygender', '9065 Clemons Point', ''),
(845, 'Thia', 'Frostdicke', 'tfrostdickeng@yahoo.co.jp', 'Female', '949 Portage Circle', '43-460'),
(846, 'Darren', 'Keeling', 'dkeelingnh@forbes.com', 'Male', '07 Fisk Street', ''),
(847, 'Lilly', 'Giannini', 'lgianninini@illinois.edu', 'Female', '4 Lien Avenue', '2325'),
(848, 'Flem', 'O\'Fihillie', 'fofihillienj@sourceforge.net', 'Male', '88864 Arkansas Center', '471 29'),
(849, 'Carolyne', 'Munn', 'cmunnnk@homestead.com', 'Female', '19 Brown Court', ''),
(850, 'Gael', 'Schirach', 'gschirachnl@who.int', 'Male', '197 Ludington Hill', '01057'),
(851, 'Renault', 'Raspel', 'rraspelnm@google.cn', 'Male', '814 Banding Junction', ''),
(852, 'Gray', 'Youngman', 'gyoungmannn@unesco.org', 'Male', '0 American Parkway', ''),
(853, 'Currie', 'Butteris', 'cbutterisno@imdb.com', 'Male', '37543 Memorial Way', ''),
(854, 'Clayson', 'Catherall', 'ccatherallnp@mashable.com', 'Male', '110 Harbort Junction', '393025'),
(855, 'Alyda', 'Aykroyd', 'aaykroydnq@uol.com.br', 'Female', '80620 Anhalt Park', ''),
(856, 'Shae', 'Ivakhnov', 'sivakhnovnr@goodreads.com', 'Female', '77 Portage Place', '1030'),
(857, 'Roman', 'Woodwin', 'rwoodwinns@ezinearticles.com', 'Male', '727 Mayfield Court', ''),
(858, 'Salomon', 'Gleave', 'sgleavent@state.tx.us', 'Male', '85052 Melody Way', '10303'),
(859, 'Jeannine', 'Jacqueminet', 'jjacqueminetnu@topsy.com', 'Female', '0944 Dahle Center', '474-0074'),
(860, 'Remus', 'Mantione', 'rmantionenv@phpbb.com', 'Male', '882 Goodland Plaza', ''),
(861, 'Hadria', 'Newart', 'hnewartnw@miitbeian.gov.cn', 'Female', '13 Carey Circle', '5561'),
(862, 'Rory', 'Sall', 'rsallnx@hugedomains.com', 'Male', '4 Huxley Street', '8000-076'),
(863, 'Archibald', 'Sweetman', 'asweetmanny@google.ru', 'Male', '4874 Amoth Avenue', '1184'),
(864, 'Ingaberg', 'Le Page', 'ilepagenz@barnesandnoble.com', 'Female', '30 Springs Drive', ''),
(865, 'Jerad', 'Laydel', 'jlaydelo0@parallels.com', 'Male', '1424 Thompson Street', ''),
(866, 'Madelene', 'Trebilcock', 'mtrebilcocko1@addthis.com', 'Female', '7 4th Pass', '25610'),
(867, 'Dionysus', 'Eversfield', 'deversfieldo2@prweb.com', 'Male', '6352 Porter Road', ''),
(868, 'Constantin', 'Cawcutt', 'ccawcutto3@bloglovin.com', 'Male', '67 Hoepker Court', '169635'),
(869, 'Hayward', 'Fruchter', 'hfruchtero4@nsw.gov.au', 'Male', '52926 Alpine Street', '2775-398'),
(870, 'Davin', 'Wash', 'dwasho5@amazon.co.uk', 'Male', '7224 Rutledge Parkway', '14860-000'),
(871, 'Joella', 'Barnhart', 'jbarnharto6@google.pl', 'Female', '1 Blaine Junction', ''),
(872, 'Saundra', 'Brownsmith', 'sbrownsmitho7@joomla.org', 'Male', '46 Norway Maple Terrace', '45300-000'),
(873, 'Todd', 'MacCaughen', 'tmaccaugheno8@yellowpages.com', 'Male', '5 Northview Way', ''),
(874, 'Emlyn', 'Ioselev', 'eioselevo9@ocn.ne.jp', 'Male', '8757 2nd Park', '33036 CEDEX'),
(875, 'Kippy', 'Klimochkin', 'kklimochkinoa@cbc.ca', 'Male', '233 Alpine Point', '5800'),
(876, 'Issy', 'Rosenschein', 'irosenscheinob@nps.gov', 'Female', '14 Lerdahl Terrace', '999-5203'),
(877, 'Cindy', 'Titterrell', 'ctitterrelloc@hostgator.com', 'Female', '846 Evergreen Court', ''),
(878, 'Laurence', 'Lowrey', 'llowreyod@xinhuanet.com', 'Male', '469 Sloan Park', '6811'),
(879, 'Salomi', 'Grange', 'sgrangeoe@google.es', 'Genderqueer', '23315 Drewry Drive', ''),
(880, 'Charlean', 'Gentery', 'cgenteryof@altervista.org', 'Female', '95 Carpenter Way', ''),
(881, 'Nicolle', 'Doran', 'ndoranog@soup.io', 'Female', '557 Annamark Terrace', '745 33'),
(882, 'Claude', 'Ianni', 'ciannioh@intel.com', 'Female', '45093 Glacier Hill Trail', '2812'),
(883, 'Holly', 'Cardwell', 'hcardwelloi@latimes.com', 'Genderqueer', '24 Sundown Trail', ''),
(884, 'Bernete', 'Silverwood', 'bsilverwoodoj@typepad.com', 'Female', '0255 Quincy Road', ''),
(885, 'Jodie', 'Parnby', 'jparnbyok@si.edu', 'Female', '3 Merchant Alley', ''),
(886, 'Edd', 'Trembath', 'etrembathol@bing.com', 'Male', '376 Kenwood Drive', ''),
(887, 'Alexandros', 'Luetkemeyers', 'aluetkemeyersom@networkadvertising.org', 'Male', '9 Redwing Way', '3600'),
(888, 'Bogart', 'Van', 'bvanon@businessinsider.com', 'Male', '911 Algoma Hill', '5603'),
(889, 'Arlen', 'Jorat', 'ajoratoo@pen.io', 'Male', '00180 Union Parkway', ''),
(890, 'Eduard', 'Yurukhin', 'eyurukhinop@toplist.cz', 'Male', '7949 Prairieview Alley', ''),
(891, 'Kirby', 'Bispham', 'kbisphamoq@oakley.com', 'Female', '90 Monterey Crossing', '7460-204'),
(892, 'Elana', 'Coite', 'ecoiteor@ehow.com', 'Female', '2 Commercial Junction', '87630-000'),
(893, 'Alexia', 'Daldan', 'adaldanos@simplemachines.org', 'Non-binary', '0 Rockefeller Trail', ''),
(894, 'Jorie', 'Zorro', 'jzorroot@cpanel.net', 'Female', '96 Dapin Court', '547018'),
(895, 'Darcey', 'Stoves', 'dstovesou@1688.com', 'Non-binary', '13 Saint Paul Point', '62259 CEDEX'),
(896, 'Erskine', 'Baike', 'ebaikeov@behance.net', 'Male', '0 Mifflin Terrace', '084047'),
(897, 'Korry', 'Marrow', 'kmarrowow@icq.com', 'Female', '636 Annamark Alley', ''),
(898, 'Theodora', 'Peller', 'tpellerox@msn.com', 'Female', '00289 Evergreen Drive', '91821 CEDEX'),
(899, 'Maryrose', 'Ruecastle', 'mruecastleoy@unesco.org', 'Female', '2 Waxwing Street', ''),
(900, 'Pavel', 'Goney', 'pgoneyoz@lulu.com', 'Male', '9 Brickson Park Terrace', '3053'),
(901, 'Jay', 'Grigoire', 'jgrigoirep0@gmpg.org', 'Male', '11 Canary Junction', '151427'),
(902, 'Michel', 'Nisard', 'mnisardp1@topsy.com', 'Male', '771 Northland Pass', ''),
(903, 'Bartolemo', 'Olech', 'bolechp2@networksolutions.com', 'Male', '5158 Marcy Plaza', ''),
(904, 'Patsy', 'Metcalf', 'pmetcalfp3@slashdot.org', 'Male', '97858 Heath Avenue', ''),
(905, 'Talbot', 'Klimczak', 'tklimczakp4@techcrunch.com', 'Male', '0 Lake View Trail', '61900-000'),
(906, 'Ashlan', 'Thrush', 'athrushp5@zimbio.com', 'Female', '8405 Continental Way', ''),
(907, 'Rustie', 'Aldred', 'raldredp6@omniture.com', 'Male', '737 Moulton Point', ''),
(908, 'Nicola', 'Harry', 'nharryp7@tmall.com', 'Bigender', '2105 Drewry Place', ''),
(909, 'Thayne', 'Martinovic', 'tmartinovicp8@bbc.co.uk', 'Male', '96916 Vera Way', ''),
(910, 'Gabriella', 'Gogay', 'ggogayp9@goo.ne.jp', 'Female', '508 Scott Pass', ''),
(911, 'Gherardo', 'Coldman', 'gcoldmanpa@mac.com', 'Male', '95 Northfield Court', '56280-000'),
(912, 'Yanaton', 'Milkeham', 'ymilkehampb@weather.com', 'Male', '658 Bonner Crossing', ''),
(913, 'Jill', 'Malan', 'jmalanpc@prlog.org', 'Female', '88 Elka Crossing', '0968'),
(914, 'Elmira', 'Brockwell', 'ebrockwellpd@pen.io', 'Female', '61 Clemons Way', '345 62'),
(915, 'Bruno', 'O\'Neill', 'boneillpe@t.co', 'Male', '7888 Northport Alley', '309271'),
(916, 'Trudie', 'Crielly', 'tcriellypf@webeden.co.uk', 'Female', '38159 Sheridan Center', '08-420'),
(917, 'Major', 'Ruler', 'mrulerpg@aboutads.info', 'Male', '139 Warrior Way', '5610'),
(918, 'Norbie', 'Corn', 'ncornph@tripod.com', 'Male', '8947 Glendale Avenue', '739 97'),
(919, 'Emory', 'Chaplin', 'echaplinpi@seattletimes.com', 'Male', '1 Brentwood Road', '2835-526'),
(920, 'Helen', 'Gallant', 'hgallantpj@typepad.com', 'Female', '04 Novick Pass', ''),
(921, 'Tami', 'Tarte', 'ttartepk@berkeley.edu', 'Female', '9 Nobel Center', ''),
(922, 'Lynette', 'Trye', 'ltryepl@opensource.org', 'Agender', '4023 Sauthoff Street', ''),
(923, 'Kimberli', 'Handyside', 'khandysidepm@mayoclinic.com', 'Female', '5 Norway Maple Crossing', '58790-000'),
(924, 'Farra', 'Dunton', 'fduntonpn@nbcnews.com', 'Female', '0 Schurz Drive', ''),
(925, 'Tobye', 'Burnham', 'tburnhampo@engadget.com', 'Female', '00 Havey Center', ''),
(926, 'Taddeo', 'Varndell', 'tvarndellpp@rambler.ru', 'Male', '035 Crescent Oaks Road', ''),
(927, 'Averil', 'Gartery', 'agarterypq@time.com', 'Female', '4342 Manufacturers Plaza', ''),
(928, 'Lizzy', 'Sives', 'lsivespr@goo.gl', 'Female', '06597 Mendota Place', ''),
(929, 'Cliff', 'Majury', 'cmajuryps@netscape.com', 'Polygender', '7 Oxford Circle', ''),
(930, 'Bobinette', 'Bissell', 'bbissellpt@ning.com', 'Non-binary', '3892 Southridge Drive', ''),
(931, 'Tabbie', 'Daunay', 'tdaunaypu@bloglovin.com', 'Female', '46686 Hanover Drive', ''),
(932, 'Quinn', 'Schwand', 'qschwandpv@storify.com', 'Female', '955 Lakewood Gardens Center', ''),
(933, 'Caro', 'Keys', 'ckeyspw@people.com.cn', 'Female', '3 Mallard Lane', ''),
(934, 'Maryl', 'Fashion', 'mfashionpx@berkeley.edu', 'Female', '1369 Merrick Junction', ''),
(935, 'Darla', 'Baggally', 'dbaggallypy@privacy.gov.au', 'Female', '9 Spenser Way', ''),
(936, 'Marylynne', 'Seamark', 'mseamarkpz@aboutads.info', 'Female', '146 Eastwood Crossing', ''),
(937, 'Electra', 'Lydiate', 'elydiateq0@google.com.br', 'Female', '724 Forest Lane', '763 11'),
(938, 'Chucho', 'Hamnet', 'chamnetq1@springer.com', 'Male', '5 Debra Terrace', ''),
(939, 'Onofredo', 'Jouhan', 'ojouhanq2@house.gov', 'Male', '34156 Kennedy Point', '44190'),
(940, 'Federica', 'Bavester', 'fbavesterq3@nymag.com', 'Female', '6640 Valley Edge Place', ''),
(941, 'Garrik', 'Ruppertz', 'gruppertzq4@uiuc.edu', 'Male', '1871 Chive Hill', ''),
(942, 'Celia', 'Machan', 'cmachanq5@mysql.com', 'Female', '60 Pleasure Drive', '717 00'),
(943, 'Fletcher', 'Kordas', 'fkordasq6@youtube.com', 'Male', '850 Prairieview Center', ''),
(944, 'Richard', 'Rosoman', 'rrosomanq7@answers.com', 'Male', '1 Tennessee Crossing', ''),
(945, 'Tommy', 'Scholz', 'tscholzq8@domainmarket.com', 'Female', '2 Dwight Terrace', ''),
(946, 'Adena', 'Hardbattle', 'ahardbattleq9@sbwire.com', 'Female', '752 Old Shore Circle', '8505'),
(947, 'Kalindi', 'Laible', 'klaibleqa@cocolog-nifty.com', 'Female', '72480 Nova Terrace', '205078'),
(948, 'Darwin', 'Norquay', 'dnorquayqb@cdbaby.com', 'Male', '07211 Katie Parkway', ''),
(949, 'Vincenty', 'Duigan', 'vduiganqc@amazon.co.uk', 'Male', '7 Pearson Avenue', '131 83'),
(950, 'Greggory', 'Abramczyk', 'gabramchikqd@spiegel.de', 'Genderqueer', '07 Maple Wood Parkway', '12345'),
(951, 'Luigi', 'Cornfoot', 'lcornfootqe@miibeian.gov.cn', 'Male', '3552 Westridge Park', ''),
(952, 'Gabbie', 'Tiley', 'gtileyqf@cyberchimps.com', 'Male', '6367 Arapahoe Avenue', ''),
(953, 'Andras', 'Atherton', 'aathertonqg@hp.com', 'Male', '1 Swallow Street', '05-180'),
(954, 'Claus', 'Wheway', 'cwhewayqh@cdbaby.com', 'Polygender', '6423 Atwood Point', '65289-000'),
(955, 'Marlene', 'Jakubiak', 'mjakubiakqi@nytimes.com', 'Female', '832 Artisan Street', '60325'),
(956, 'Briant', 'O\'Neil', 'boneilqj@comcast.net', 'Male', '730 Norway Maple Avenue', 'A1C'),
(957, 'Rip', 'Cadney', 'rcadneyqk@reddit.com', 'Male', '14 Summit Road', '46-320'),
(958, 'Craggie', 'Ide', 'cideql@squarespace.com', 'Male', '25486 Superior Crossing', ''),
(959, 'Lindi', 'Haversum', 'lhaversumqm@smugmug.com', 'Female', '7854 Bartelt Park', '1706'),
(960, 'Guntar', 'Osipenko', 'gosipenkoqn@comcast.net', 'Male', '7 Tennessee Drive', ''),
(961, 'Concordia', 'Reast', 'creastqo@yolasite.com', 'Female', '69 Springview Point', ''),
(962, 'Logan', 'Baudain', 'lbaudainqp@un.org', 'Male', '32646 Kropf Parkway', ''),
(963, 'Ashil', 'Hynd', 'ahyndqq@latimes.com', 'Female', '6 Scofield Court', ''),
(964, 'Filip', 'Malmar', 'fmalmarqr@cnn.com', 'Male', '2 Dakota Point', '34643'),
(965, 'Wit', 'Dosedale', 'wdosedaleqs@tripod.com', 'Male', '393 Merry Pass', ''),
(966, 'Noelyn', 'Urridge', 'nurridgeqt@vk.com', 'Female', '1667 Mallory Street', '74193'),
(967, 'Goldina', 'Lush', 'glushqu@domainmarket.com', 'Female', '14 Westport Point', '606093'),
(968, 'Ilse', 'Ockenden', 'iockendenqv@yellowpages.com', 'Female', '302 Crescent Oaks Plaza', '990-0054'),
(969, 'Ania', 'Readman', 'areadmanqw@free.fr', 'Female', '0 Orin Court', ''),
(970, 'Aksel', 'Febry', 'afebryqx@miibeian.gov.cn', 'Male', '3492 Manitowish Hill', ''),
(971, 'Krissy', 'Sacks', 'ksacksqy@storify.com', 'Female', '162 Knutson Drive', 'IM4'),
(972, 'Wally', 'Matteini', 'wmatteiniqz@google.ca', 'Male', '02741 Grayhawk Junction', ''),
(973, 'Maure', 'Pllu', 'mpllur0@scientificamerican.com', 'Female', '4565 Sheridan Plaza', ''),
(974, 'Lamar', 'Fernao', 'lfernaor1@dailymail.co.uk', 'Male', '3 Spohn Drive', ''),
(975, 'Lamar', 'Kemell', 'lkemellr2@xrea.com', 'Male', '08 Anzinger Avenue', ''),
(976, 'Arthur', 'De Pero', 'adeperor3@howstuffworks.com', 'Male', '20035 Larry Way', '2130-166'),
(977, 'Riley', 'Benitez', 'rbenitezr4@mtv.com', 'Male', '63349 Ludington Court', ''),
(978, 'Desirae', 'Lampe', 'dlamper5@ebay.co.uk', 'Female', '6 Kedzie Terrace', ''),
(979, 'Webster', 'Tootell', 'wtootellr6@drupal.org', 'Polygender', '976 Farmco Hill', ''),
(980, 'Joellen', 'Ellesworth', 'jellesworthr7@utexas.edu', 'Female', '624 Maywood Plaza', ''),
(981, 'Dunc', 'Spinke', 'dspinker8@technorati.com', 'Male', '017 Hansons Plaza', ''),
(982, 'Byrom', 'Botting', 'bbottingr9@newyorker.com', 'Male', '575 Mitchell Park', ''),
(983, 'Deanna', 'Hansen', 'dhansenra@tuttocitta.it', 'Female', '7 Summer Ridge Center', '36-207'),
(984, 'Emelita', 'Atte-Stone', 'eattestonerb@skyrock.com', 'Female', '7496 Melody Way', ''),
(985, 'Frankie', 'Mattioli', 'fmattiolirc@fastcompany.com', 'Non-binary', '6277 Hoepker Street', '3220-435'),
(986, 'Alexi', 'Shimmings', 'ashimmingsrd@dell.com', 'Female', '0 Warbler Park', ''),
(987, 'Aguistin', 'Marqyes', 'amarqyesre@thetimes.co.uk', 'Male', '8 Heffernan Junction', '88514'),
(988, 'Ki', 'Leglise', 'klegliserf@yahoo.com', 'Female', '08 Bayside Circle', ''),
(989, 'Sherri', 'Gimbrett', 'sgimbrettrg@vimeo.com', 'Female', '82 Westridge Center', ''),
(990, 'Idelle', 'Truscott', 'itruscottrh@abc.net.au', 'Female', '25 Golf Course Plaza', '8900-205'),
(991, 'Konstantine', 'Haswell', 'khaswellri@cpanel.net', 'Male', '1750 Merchant Way', '83120'),
(992, 'Muire', 'Lanigan', 'mlaniganrj@ucla.edu', 'Female', '61 Scofield Point', ''),
(993, 'Amos', 'Birkett', 'abirkettrk@goodreads.com', 'Male', '3 Cody Crossing', '96980'),
(994, 'Mendel', 'Giovannardi', 'mgiovannardirl@chicagotribune.com', 'Male', '2732 Hayes Way', ''),
(995, 'Mikaela', 'Kilian', 'mkilianrm@cocolog-nifty.com', 'Female', '34 Stoughton Place', '28015'),
(996, 'Tobias', 'Moncrefe', 'tmoncrefern@businessinsider.com', 'Male', '22 Caliangt Lane', '78967-800'),
(997, 'Layton', 'Dunphie', 'ldunphiero@360.cn', 'Male', '1 Service Hill', ''),
(998, 'Currie', 'MacAndie', 'cmacandierp@bizjournals.com', 'Male', '935 Becker Plaza', ''),
(999, 'Hans', 'Lacroux', 'hlacrouxrq@illinois.edu', 'Male', '70 Eliot Point', '84180'),
(1000, 'Eddie', 'Glanders', 'eglandersrr@illinois.edu', 'Female', '000 Atwood Center', ''),
(1001, 'Bernita', 'Wolfendale', 'bwolfendale0@businesswire.com', 'Female', '60391 7th Avenue', '197730');

-- --------------------------------------------------------

--
-- Table structure for table `final__designers`
--

CREATE TABLE `final__designers` (
  `DesignerID` int(11) NOT NULL,
  `Name` varchar(100) NOT NULL
) ENGINE=InnoDB DEFAULT CHARSET=utf8 COLLATE=utf8_general_ci;

--
-- Dumping data for table `final__designers`
--

INSERT INTO `final__designers` (`DesignerID`, `Name`) VALUES
(1, 'Alexander McQueen'),
(2, 'Anna Sui'),
(3, 'Balenciaga'),
(4, 'Bottega Veneta'),
(5, 'Burberry'),
(6, 'Cartier'),
(7, 'Commodity'),
(8, 'Dolce & Gabbana'),
(9, 'English Laundry'),
(10, 'Gucci'),
(11, 'Versace'),
(12, 'Tom Ford');

-- --------------------------------------------------------

--
-- Table structure for table `final__perfumery`
--

CREATE TABLE `final__perfumery` (
  `PerfumeID` int(11) NOT NULL,
  `Name` varchar(23) NOT NULL,
  `Description` text DEFAULT NULL,
  `ScentFamilyID` int(11) DEFAULT NULL,
  `TopNote` varchar(23) DEFAULT NULL,
  `MiddleNote` varchar(13) DEFAULT NULL,
  `BaseNote` varchar(16) DEFAULT NULL,
  `Gender` varchar(6) DEFAULT NULL,
  `DesignerID` int(11) DEFAULT NULL,
  `UnitPrice` decimal(11,2) NOT NULL,
  `FluidOunces` decimal(11,2) NOT NULL
) ENGINE=InnoDB DEFAULT CHARSET=utf8 COLLATE=utf8_general_ci;

--
-- Dumping data for table `final__perfumery`
--

INSERT INTO `final__perfumery` (`PerfumeID`, `Name`, `Description`, `ScentFamilyID`, `TopNote`, `MiddleNote`, `BaseNote`, `Gender`, `DesignerID`, `UnitPrice`, `FluidOunces`) VALUES
(1, 'Abbey', 'Inspired by English style & grace this fragrance exudes femininity. Top notes of rose petals, white jasmine, & sweet honeysuckle. We then arrive at lily of the valley, sun drenched sandalwood, and ending our magical journey with amber, & santal.', 6, 'Rose', 'Honeysuckle', 'Amber', 'Female', 9, '29.97', '3.40'),
(2, 'Book', 'This crisp, woody fragrance tips its hat to the Hemingways and Fitzgeralds of the world, conjuring the warmth of a quiet moment curled up with a good book. Its complex blend of sparkling Bergamot, crisp Eucalyptus and warm Sandalwood results in an unexpectedly fresh scent.', 2, 'Bergamot ', 'Black Tea', 'Sandalwood', 'Male', 7, '105.00', '3.40'),
(3, 'Bottega Veneta', 'Bottega Veneta eau de parfum is the first fragrance from Bottega Veneta for women. A complex fragrance women harmoniously with notes of bergamot, jasmine, plum, patchouli, oak moss and leather accord for an intriguing and sensuous woman.', 3, 'Pink Peppercorn', 'Jasmine', 'Leather', 'Female', 4, '108.99', '2.50'),
(4, 'Bright Crystal', 'Bright Crystal is the scent soundtrack to first love. Frosted, almost-ripe pomegranate and yuzu fruit fade into an enthusiastic floral heart of wide-eyed peony backed by the serenity and sass of lotus and magnolia. a rich base of sweet amber, woods, and bright musk complements the white florals.', 4, 'Peony', 'Pomegranate', 'Magnolia', 'Female', 11, '66.14', '3.00'),
(5, 'Brit Sheer', 'Brit Sheers sunlit sparkle of yuzu, mandarin orange, and pineapple fades into a soft, floral heart of peonies, peach blossom, and sweet pea. White musk and amyris wood add a bright sheen to the florals, while the amyris woods creamy texture echoes the pineapple and lychee notes.', 4, 'Litchi', 'Peony', 'White Musk', 'Female', 5, '80.00', '2.50'),
(6, 'Burberry For Men', 'Burberry for Mens powerful combination of fleshy, round green apple and peach top notes with an unfettered vanillic jasmine in the heart create a full-throttle masculine fragrance. Grace notes of mint, lime, and sandalwood offer an aromatic and sophisticated counterpoint to the regal sweetness.', 7, 'Mint', 'Cedar', 'Vanilla', 'Male', 5, '90.00', '3.30'),
(7, 'Burberry London For Men', 'A timeless signature scent for the modern gentleman who exudes natural confidence and a sophisticated manner. This understated and refined amber woody fragrance is fresh and masculine on top, creates a seductive, natural sexiness at its heart, and combines unique base notes to create a timeless, signature scent.', 2, 'Cinnamon', 'Leather', 'Tobacco Leaf', 'Male', 5, '49.95', '3.30'),
(8, 'Cambridge Knight', 'Cambridge Knights complex blend of bold aromatics and grapefruit citrus forges a deeply masculine statement. Richly-spiced bay leaf and smooth, dry caramel tones of guaiac wood with bright cedar is the confident centerpiece, while oak moss and warm patchouli round out its spicy, agreeable profile.', 2, 'Aquatic', 'Black Currant', 'Bay Leaf', 'Male', 9, '50.99', '3.40'),
(9, 'Declaration', 'Declarations bold bitter citrus and bright, dry woods offer a clean, forthright masculinity. Top notes of zested bergamot and birch wood fade into a taut heart of juniper and warm cardamom, with base note accents of verdant, earthy soil from vetiver and oakmoss.', 3, 'Cardamom', 'Juniper', 'Bitter Orange', 'Male', 6, '88.19', '3.40'),
(10, 'Eau de Cartier', 'Eau de Cartier unfolds with watercolor traces of ripe yuzu fruit and bright bergamot that surrender to dry leaves and light florals, sheer musk, and a quietly herbal lavender note. Light amber accents highlight the autumnal dry down of patchouli and cedar.', 2, 'Yuzu', 'Bergamot', 'Patchouli', 'Female', 6, '59.90', '3.30'),
(11, 'Fantasia', 'Fantasia sparkles with pink pepper and pomelo fruit, dissolving into a sweet floral heart layered in delicious raspberry praline for a magical and elegant daydream to indulge any fantasy. The dry down brings you back from the clouds with Golden cypress and Himalayan cedars warm, woodsy appeal.', 4, 'Pink Peppercorn', 'Raspberry', 'Cedar Wood', 'Female', 2, '78.00', '2.50'),
(12, 'Florabotanica', 'Florabotanica evokes ambivalent bewitching beauty. Velvety and thorny, flirting with hemp and vetiver roots. The scent is flowery, developed on a rose note with a narcotic hemp twist. The wearer is beautiful but dangerous, like some rare botanical species. Florabotanica is the fragrance of the Balenciaga botanic garden. It instills the brand with modernity and colors. While Balenciaga Paris paid tribute to the genius of Cristobal, this scent celebrates Nicolass futuristic perspective. The various facets of Nicolass inspiration are reflected in the bottle and outer box. The rich and surprising mix match of architectural lines, vivid colors, and venomous floral prints recurrent in Balenciagas fashion are translated into Florabotanicas unique packaging.', 2, 'Mint', 'Rose', 'Vetiver', 'Female', 3, '74.75', '3.40'),
(13, 'Gin', 'Inspired by a lavish night out with endless possibilities ahead, this fresh and woody blend of juniper berry, lime and ginger leaf is distilled with utter finesse.', 8, 'Juniper', 'Lime ', 'Patchouli', 'Male', 7, '125.00', '3.40'),
(14, 'Gold', 'Rich enough to bathe in, this decadent fragrance is an intoxicating journey to ones innermost desires, thoughts and impulses. Its warm gourmand scent is a luxurious blend of molten amber, balsamic benzoin and sweet vanilla.', 10, 'Vanilla', 'Tonka Bean ', 'Amber', 'Female', 7, '125.00', '3.40'),
(15, 'Guilty Pour Homme', 'A centuries-old Italian scent, Gucci Guilty Cologne is created with a contemporary dry down featuring noble woods notes and powerful citruses.', 8, 'Bergamot Spanish Cyprus', 'Patchouli', 'Amber', 'Male', 10, '123.00', '3.00'),
(16, 'Light Blue', 'Light Blue excites your senses with a buoyant, expressive energy. It starts out with a sheer Granny Smith apple bobbing in a cedar barrel filled with bluebell flowers. The cedar and apple are refreshing and brisk, and the bluebell note makes the opening plush and comfortable, with a luxuriously deep texture.', 2, 'Lemon', 'Cedar Wood', 'Musk', 'Female', 8, '68.00', '0.30'),
(17, 'Light Blue Pour Homme', 'Dolce & Gabbanas Light Blue Pour Hommes clever pairing of bitter notes and crackling spice with smooth, sweet undertones has given this fragrance a devoted following since its release. Top notes of grapefruit and mandarin, a heart of rosewood and Szechuan pepper, and base notes of incense and vetiver.', 3, 'Mandarin Orange', 'Grapefruit', 'Incense', 'Male', 8, '125.00', '6.70'),
(18, 'Made To Measure', 'Made to Measures perfectly tailored fit starts with a spicy blend of anise seed, lavender, and Calabrian bergamot. Bespoke accents of Sri Lankan nutmeg, plum, and cinnamon elevate the scent silhouette against the masculine profile of sharp leather and smoky labdanum.', 9, 'Lavender', 'Leather', 'Cinnamon', 'Male', 10, '73.80', '3.00'),
(19, 'McQueen Eau Blanche', 'Introducing McQueen Eau Blanche: a true expression of modern femininity. With top notes of Violet Leaves resting on base notes of Sleek Wood and White Musk, a newness and modernity is introduced to McQueen Eau Blanche to unveil the brighter, more luminous aspects of the three night blooming white flowers, Sambac Jasmine, Tuberose and Ylang-Ylang, at the heart of the signature scent.', 4, 'Violet Leaf', 'Tuberose', 'Woody', 'Female', 1, '118.00', '2.50'),
(20, 'Metallique', 'This floral scent is a metallic sheath, collided with crisp vert de bergamot and pink peppercorn. It has a core of delicate white blossoms mingling with heliotrope beneath the cool veneer, while vanilla and creamy sandalwood layer an addictive finish.', 7, 'Bergamot', 'Heliotrope', 'Pink Peppercorn ', 'Female', 12, '109.99', '1.70'),
(21, 'My Burberry', 'My Burberry is a gorgeous bouquet of antique roses poking up from soft, green, soil. Sweet pea, bergamot and geranium combine into an earthy accord that leads to spiky patchouli and lush centifolia roses. My Burberry creates a vivid and welcoming olfactory rose garden with fragile, green undertones.', 4, 'Sweet Pea', 'Quince', 'Damask Rose', 'Female', 5, '78.11', '3.00'),
(22, 'No. 7', 'English Laundrys No. 7 for Her features a mouth-watering cascade of juicy pears and blushing apricot tumbling into a whirlpool of lush, green jasmine, soulful gardenia, and warm toasted almonds. No. 7 for Hers full-throttle sensuality dries down into an equally sultry base of herbal sandalwood and rich dollops of vanilla cream.', 4, 'Vanilla', 'Sweet Almond', 'Melon', 'Female', 9, '85.00', '3.40'),
(23, 'Paper', 'Inspired by the cult-favorite Paper, this woody Iso E Super blend combines with touches of sweet Amber for a scent that comes alive on skin. The molecular wood transcends skin with a lightweight and effortless glow.', 10, 'Iso E Super', 'Musk', 'Amber', 'Female', 7, '125.00', '3.40'),
(24, 'Pour Homme', 'Dolce & Gabbana Pour Homme is a sign of masculinity, personality, and distinction. As unique as the Dolce & Gabbana image, Pour Homme is a blend of true irony and casualness. A stimulating, dynamic freshness that expresses its personality through citrus notes with a touch of fresh flora and woods.', 7, 'Lavender', 'Tobacco', 'Pepper', 'Male', 8, '75.65', '6.70'),
(25, 'Santos de Cartier', 'Santos de Cartier is a smoothly masculine blend of refined woods and spices. Fresh lavender, basil, and bergamot fashion a clean, citrusy start over a daring trio of warm nutmeg, taut juniper and fiery cumin. Patchouli and vetiver continue the spicy rush in the base, braced by polished sandalwood and bright cedar.', 10, 'Sandalwood', 'Lavender', 'Nutmeg', 'Male', 6, '104.00', '3.30'),
(26, 'Sky', 'Soar through the clouds, with the wind carrying you higher, take flight to a place full of endless possibilities. It\'s here in Anna\'s world, where inspired dreams become a wondrous reality. The Sky is the limit.', 4, 'Pear', 'Lotus', 'Popcorn', 'Female', 2, '105.00', '1.70'),
(27, 'The One', 'Weightless white florals float delicately in a tropical elixir of orange citrus, peach, and lychee fruit in this powerful fruity floral fragrance. Amber-infused vanilla and plush plum tease the floral heart with their sultry sweet smile in the base.', 4, 'Vanilla', 'Litchi', 'Lily', 'Female', 8, '78.00', '1.60'),
(28, 'Throne', 'Throne is a masculine harmony of power and sensuality. This fine fragrance is carefully crafted using a collection of exotic notes.', 7, 'Bergamot ', 'Apple', 'Amber', 'Male', 9, '54.99', '3.40'),
(29, 'Velvet', 'Mysterious and elegant, this fragrance evokes the pure indulgence of a soft texture meeting bare skin. Its woody blend is infused with roasted almond, rose petals and black amber.', 3, 'Almond', 'Rose', 'Vanilla', 'Unisex', 7, '125.00', '3.40');

-- --------------------------------------------------------

--
-- Table structure for table `final__scentfamily`
--

CREATE TABLE `final__scentfamily` (
  `ScentFamilyID` varchar(13) NOT NULL,
  `ScentFamilyName` varchar(11) DEFAULT NULL
) ENGINE=InnoDB DEFAULT CHARSET=utf8 COLLATE=utf8_general_ci;

--
-- Dumping data for table `final__scentfamily`
--

INSERT INTO `final__scentfamily` (`ScentFamilyID`, `ScentFamilyName`) VALUES
('1', 'Citrus'),
('10', 'Warm'),
('2', 'Woody'),
('3', 'Spicy'),
('4', 'Floral'),
('5', 'Earthy'),
('6', 'Fruity'),
('7', 'Fresh'),
('8', 'Aromatic'),
('9', 'Cyphre'),
('ScentFamilyID', 'Description');

--
-- Indexes for dumped tables
--

--
-- Indexes for table `final__customers`
--
ALTER TABLE `final__customers`
  ADD PRIMARY KEY (`CustomerId`);

--
-- Indexes for table `final__designers`
--
ALTER TABLE `final__designers`
  ADD PRIMARY KEY (`DesignerID`);

--
-- Indexes for table `final__perfumery`
--
ALTER TABLE `final__perfumery`
  ADD PRIMARY KEY (`PerfumeID`),
  ADD KEY `DesignerID` (`DesignerID`),
  ADD KEY `ScentFamilyID` (`ScentFamilyID`);

--
-- Indexes for table `final__scentfamily`
--
ALTER TABLE `final__scentfamily`
  ADD PRIMARY KEY (`ScentFamilyID`);

--
-- AUTO_INCREMENT for dumped tables
--

--
-- AUTO_INCREMENT for table `final__designers`
--
ALTER TABLE `final__designers`
  MODIFY `DesignerID` int(11) NOT NULL AUTO_INCREMENT, AUTO_INCREMENT=13;

--
-- AUTO_INCREMENT for table `final__perfumery`
--
ALTER TABLE `final__perfumery`
  MODIFY `PerfumeID` int(11) NOT NULL AUTO_INCREMENT, AUTO_INCREMENT=30;
COMMIT;

/*!40101 SET CHARACTER_SET_CLIENT=@OLD_CHARACTER_SET_CLIENT */;
/*!40101 SET CHARACTER_SET_RESULTS=@OLD_CHARACTER_SET_RESULTS */;
/*!40101 SET COLLATION_CONNECTION=@OLD_COLLATION_CONNECTION */;
